name,category,sub-category,price,unit,image,status,stock_count
ProV Select California Almonds : 1 kg,Grocery,Dry Fruits,1349,1 kg,/api/placeholder/200/200,active,100
Prov Independence California Almonds : 500 gms,Grocery,Dry Fruits,749,500 g,/api/placeholder/200/200,active,100
Badam (Almonds) : 500 gms,,Dry Fruits,577,500 g,/api/placeholder/200/200,active,100
Chana Dal (Senaga pappu) : 500 gms,,Dals & Pulses,81,500 g,/api/placeholder/200/200,active,100
,,,,,,,
Wonderland California Almonds : 500 gms,,Dry Fruits,725,500 g,/api/placeholder/200/200,active,100
,,,,,,,
Healthy Choice Unpolished Chana Dal (Senaga pappu) : 1 kg,,Dals & Pulses,171,1 kg,/api/placeholder/200/200,active,100
Nutraj Almond : 200 gms,,Dry Fruits,299,200 g,/api/placeholder/200/200,active,100
Happilo Californian Almonds : 500 gms,,Dry Fruits,675,500 g,/api/placeholder/200/200,active,100
Tata Sampann 100% Organic Unpolished Chana Dal (Senaga pappu) : 1 kg,,Dals & Pulses,260,1 kg,/api/placeholder/200/200,active,100
Tenali Double Horse Chana Dall : 500 gms,,Dals & Pulses,80,500 g,/api/placeholder/200/200,active,100
Ziofit Popular Californian Almonds : 500 gms,,Dry Fruits,625,500 g,/api/placeholder/200/200,active,100
Organic Tattva Chana Dal : 500 gms,,Dals & Pulses,120,500 g,/api/placeholder/200/200,active,100
Happilo Roasted California Almond : 200 gms,,Dry Fruits,335,200 g,/api/placeholder/200/200,active,100
Happilo California Natural Almonds : 200 gms,,Dry Fruits,275,200 g,/api/placeholder/200/200,active,100
VSR Channa Dal (Senaga pappu) : 1 kg,,Dals & Pulses,168,1 kg,/api/placeholder/200/200,active,100
VSR Chana Dal (Senaga pappu) : 500 gms,,Dals & Pulses,85,500 g,/api/placeholder/200/200,active,100
,,,,,,,
Moong Dal (Pesara Pappu) : 1 kg,,Dals & Pulses,174,1 kg,/api/placeholder/200/200,active,100
Nutraj Cashews : 500 gms,,Dry Fruits,699,500 g,/api/placeholder/200/200,active,100
Tata Sampann Moong Dal (Pesara Pappu) : 1 kg,,Dals & Pulses,215,1 kg,/api/placeholder/200/200,active,100
Nutraj Cashew Nuts : 1 kg,,Dry Fruits,1499,1 kg,/api/placeholder/200/200,active,100
Regular Kaju (Cashews) - 320 : 500 gms,,Dry Fruits,724,500 g,/api/placeholder/200/200,active,100
Kalbavi Popular Cashews : 500 gms,,Dry Fruits,649,500 g,/api/placeholder/200/200,active,100
Moong Dal Chilti (Pesara Pappu) : 1 kg,,Dals & Pulses,177,1 kg,/api/placeholder/200/200,active,100
ProV Select Cashews : 500 gms,,Dry Fruits,849,500 g,/api/placeholder/200/200,active,100
,,,,,,,
,,,,,,,
,,,,,,,
Kaju Tukda (Cashews) : 200 gms,,Dry Fruits,376,200 g,/api/placeholder/200/200,active,100
Tata Sampann Moong Chilka (Pesara Pappu) : 500 gms,,Flours & Grains,99,500 g,/api/placeholder/200/200,active,100
Healthy Choice Unpolished Moong Dal (Pesara Pappu) : 1 kg,,Dals & Pulses,195,1 kg,/api/placeholder/200/200,active,100
Tata Sampann Unpolished Green Moong (Pesara Pappu) : 500 gms,,Flours & Grains,98,500 g,/api/placeholder/200/200,active,100
Wonderland Cashews : 500 gms,,Dry Fruits,770,500 g,/api/placeholder/200/200,active,100
Kalbavi Cashews (Kaju) : 500 gms,,Dry Fruits,699,500 g,/api/placeholder/200/200,active,100
Happilo Whole Cashew Nuts : 500 gms,,Dry Fruits,995,500 g,/api/placeholder/200/200,active,100
,,,,,,,
Tata Sampann 100% Organic Unpolished Moong Dal (Pesara Pappu) : 1 kg,,Dals & Pulses,290,1 kg,/api/placeholder/200/200,active,100
Organic Tattva Moong Dal Yellow Split : 1 kg,,Dals & Pulses,310,1 kg,/api/placeholder/200/200,active,100
,,,,,,,
Kaju (Cashews) - 210 : 200 gms,,Dry Fruits,452,200 g,/api/placeholder/200/200,active,100
Organic Tattva Moong Dal Whole : 500 gms,,Dals & Pulses,145,500 g,/api/placeholder/200/200,active,100
24 Mantra Organic Moong Dal (Pesara Pappu) : 500 gms,,Dals & Pulses,170,500 g,/api/placeholder/200/200,active,100
Tenali Double Horse Moong Dall : 500 gms,,Dals & Pulses,85,500 g,/api/placeholder/200/200,active,100
Happilo Roasted Cashew Nuts : 200 gms,,Dry Fruits,465,200 g,/api/placeholder/200/200,active,100
VSR Moong Dal (Pesara Pappu) : 500 gms,,Dals & Pulses,110,500 g,/api/placeholder/200/200,active,100
,,,,,,,
Pro Nature 100% Organic Moong Yellow : 500 gm,,Flours & Grains,158,500 g,/api/placeholder/200/200,active,100
Tata Sampann Toor Dal (Kandi Pappu) : 1 kg,,Dals & Pulses,276,1 kg,/api/placeholder/200/200,active,100
Nutraj Pista : 400 gms,,Dry Fruits,699,400 g,/api/placeholder/200/200,active,100
,,,,,,,
Tata Sampann 100% Organic Unpolished Toor Dal (Kandi Pappu) : 1 kg,,Dals & Pulses,370,1 kg,/api/placeholder/200/200,active,100
ProV Select California Roasted & Salted Pistachios : 400 gms,,Dry Fruits,799,400 g,/api/placeholder/200/200,active,100
Organic Tattva Arhar Tur Dal : 1 kg,,Dals & Pulses,365,1 kg,/api/placeholder/200/200,active,100
Pista Plain (Pistachios) : 100 gms,,Dry Fruits,333,100 g,/api/placeholder/200/200,active,100
Parry's Toor Dal Unpolished : 1 kg,,Dals & Pulses,280,1 kg,/api/placeholder/200/200,active,100
Tenali Double Horse Toor Dall : 1 kgs,,Dals & Pulses,275,1 kg,/api/placeholder/200/200,active,100
Nutraj California Pistachios (Pista) : 200 gms,,Dry Fruits,379,200 g,/api/placeholder/200/200,active,100
,,,,,,,
Nutrela Soya Mini Chunks : 200 gms,,Flours & Grains,60,200 g,/api/placeholder/200/200,active,100
VSR Toor Dal : 2 kgs,,Dals & Pulses,480,2 kg,/api/placeholder/200/200,active,100
Saffola Mealmaker Soya Chunks : 400 gms,,Dals & Pulses,150,400 g,/api/placeholder/200/200,active,100
VSR Toor Dal : 1 kg,,Dals & Pulses,245,1 kg,/api/placeholder/200/200,active,100
Nutrela Soya Chunks : 200 gms,,Dry Fruits,60,200 g,/api/placeholder/200/200,active,100
,,,,,,,
,,,,,,,
Nutraj Iranian Pistachios (Pista) : 200 gms,,Dry Fruits,449,200 g,/api/placeholder/200/200,active,100
Nutrela Soya Granules : 200 gms,,Flours & Grains,60,200 g,/api/placeholder/200/200,active,100
24 Mantra Organic Tur Dal (Kandi Pappu) : 500 gms,,Dals & Pulses,180,500 g,/api/placeholder/200/200,active,100
Prov Select California Pistachio Roasted & Salted : 750 g,,Dry Fruits,1499,750 g,/api/placeholder/200/200,active,100
Nutrela Soya Chunks: 1 kg,,Dry Fruits,210,1 kg,/api/placeholder/200/200,active,100
Pro Nature Tur Dal Unpolished : 500 g,,Dals & Pulses,176,500 g,/api/placeholder/200/200,active,100
,,,,,,,
Tata Sampann Urad Dal (Minapa pappu) : 1 kg,,Dals & Pulses,249,1 kg,/api/placeholder/200/200,active,100
Tenali Double Horse Urad Dal (Minapa Pappu) : 1 kg,,Dals & Pulses,190,1 kg,/api/placeholder/200/200,active,100
Nutraj Arabian Dates : 500 gms,,Dry Fruits,199,500 g,/api/placeholder/200/200,active,100
Udid Dal Chilti (Minapa pappu) : 500 gms,,Dals & Pulses,105,500 g,/api/placeholder/200/200,active,100
Shamim Iranian Wet Dates : 400 gms,,Dry Fruits,210,400 g,/api/placeholder/200/200,active,100
,,,,,,,
Date Crown Fard (Khajur) : 500 gms,,Dry Fruits,315,500 g,/api/placeholder/200/200,active,100
Kimia Seeded Dates : 400 gms,,Dry Fruits,310,400 g,/api/placeholder/200/200,active,100
Organic Tattva Kabuli Chana : 500 gms,,Flours & Grains,199,500 g,/api/placeholder/200/200,active,100
Nutraj Kimia Dates : 400 gm,,Dry Fruits,399,400 g,/api/placeholder/200/200,active,100
Date Crown Khenaizi (Khajur) : 500 gms,,Dry Fruits,279,500 g,/api/placeholder/200/200,active,100
Red Dried Dates (Kharik) : 100 gms,,Dry Fruits,89,100 g,/api/placeholder/200/200,active,100
Nutraj Kalmi Dates (Safawi) : 500 gms,,Dry Fruits,749,500 g,/api/placeholder/200/200,active,100
Vijayalakshmi Deer Urad Dal (Minapa pappu) : 1 kg,,Dals & Pulses,198,1 kg,/api/placeholder/200/200,active,100
Farmley Dates Bites : 18 gms,,Dry Fruits,40,18 g,/api/placeholder/200/200,active,100
Lion Deseeded Dates (Khajur) : 500 gms,,Dry Fruits,145,500 g,/api/placeholder/200/200,active,100
Royal Crown Arabian Delight Luxury Dates : 500 gm,,Dry Fruits,270,500 g,/api/placeholder/200/200,active,100
Nutraj Dry Dates (Yellow) Chuara-Kharek Pouch : 500 gms,,Dry Fruits,299,500 g,/api/placeholder/200/200,active,100
Date Crown Kalmi Safawi Dates : 500 gms,,Dry Fruits,400,500 g,/api/placeholder/200/200,active,100
Date Crown Bumaan Dates : 500 gms,,Dry Fruits,155,500 g,/api/placeholder/200/200,active,100
Organic Tattva Urad Dal Whole White : 500 gms,,Dals & Pulses,175,500 g,/api/placeholder/200/200,active,100
Emperor Dates Iranian Muzafati : 400 gms,,Dry Fruits,200,400 g,/api/placeholder/200/200,active,100
Emperor Royal Peacock Seeded Dates (Khajur) : 500 gms,,Dry Fruits,130,500 g,/api/placeholder/200/200,active,100
Parry's Urad Dal Whole : 1 kg,,Dals & Pulses,210,1 kg,/api/placeholder/200/200,active,100
Apis Classic Dates : 500 gms,,Dry Fruits,180,500 g,/api/placeholder/200/200,active,100
Tenali Double Horse Urad Dal (Minapa Pappu) : 500 gm,,Dals & Pulses,98,500 g,/api/placeholder/200/200,active,100
Emperor Dates - Deseeded Dates : 500 gms,,Dry Fruits,150,500 g,/api/placeholder/200/200,active,100
Gulf Finest Classic Dates : 500 gm,,Dry Fruits,162,500 g,/api/placeholder/200/200,active,100
Emperor Dates - Dates with Seed : 500 gms,,Dry Fruits,110,500 g,/api/placeholder/200/200,active,100
Lion Layina Seeded Dates : 500 gms,,Dry Fruits,114,500 g,/api/placeholder/200/200,active,100
Organic Tattva Urad Dal White Split : 500 gms,,Dals & Pulses,170,500 g,/api/placeholder/200/200,active,100
Royal Crown Hand Picked Mazafati Dates : 500 gm,,Dry Fruits,261,500 g,/api/placeholder/200/200,active,100
VSR Urad Wash Gota (Minapa pappu) : 1 kg,,Dry Fruits,209,1 kg,/api/placeholder/200/200,active,100
Gulf Zahidi Dates : 500 gm,,Dry Fruits,162,500 g,/api/placeholder/200/200,active,100
Ziofit Clasic Seedless Sultan Dates : 500 gms,,Dry Fruits,265,500 g,/api/placeholder/200/200,active,100
VSR Urad Dal (Minapa pappu) : 1 kg,,Dals & Pulses,202,1 kg,/api/placeholder/200/200,active,100
24 Mantra Organic Urad Dal White Whole (Minapa pappu) : 500 gms,,Dals & Pulses,175,500 g,/api/placeholder/200/200,active,100
Pro Nature 100% Organic Kabuli Chana : 500 gm,,Flours & Grains,196,500 g,/api/placeholder/200/200,active,100
Apis Deseeded Dates : 500 gms,,Dry Fruits,145,500 g,/api/placeholder/200/200,active,100
Apis Arabian Pearls Fard Dates : 500 gms,,Dry Fruits,249,500 g,/api/placeholder/200/200,active,100
VSR Urad Dal (Minapa pappu) : 500 gms,,Dals & Pulses,98,500 g,/api/placeholder/200/200,active,100
24 Mantra Organic Urad Black Dal Whole (Minapa pappu) : 500 gms,,Dals & Pulses,175,500 g,/api/placeholder/200/200,active,100
24 Mantra Organic Urad Dal White Split (Minapa pappu) : 500 gms,,Dals & Pulses,175,500 g,/api/placeholder/200/200,active,100
Apis Select Dates : 500 gms,,Dry Fruits,299,500 g,/api/placeholder/200/200,active,100
Tenali Double Horse Black Gram Rounds : 1 kg,,Dals & Pulses,170,1 kg,/api/placeholder/200/200,active,100
Lion Dates : 500 gms,,Dry Fruits,136,500 g,/api/placeholder/200/200,active,100
,,,,,,,
,,,,,,,
Mahafruit Long Seedless Kishmish : 500 gms,,Dals & Pulses,199,500 g,/api/placeholder/200/200,active,100
Happilo Afghani Seedless Black Raisins : 250 gms,,Dry Fruits,315,250 g,/api/placeholder/200/200,active,100
Happilo Seedless Green Raisins : 250 gms,,Dry Fruits,165,250 g,/api/placeholder/200/200,active,100
Pro Nature 100% Organic Kala Channa : 500 gm,,Dals & Pulses,119,500 g,/api/placeholder/200/200,active,100
Organic Tattva Masoor Malka Split : 500 gms,,Flours & Grains,140,500 g,/api/placeholder/200/200,active,100
Nutraj Daily Walnut Kernels : 500 gms,,Dals & Pulses,899,500 g,/api/placeholder/200/200,active,100
Tenali Double Horse Urad Gota : 1 kg,,Dals & Pulses,215,1 kg,/api/placeholder/200/200,active,100
Daliya: 500 gm,,Dals & Pulses,110,500 g,/api/placeholder/200/200,active,100
Nutraj California Walnut Kernels (Akrod Magaj) : 250 gms,,Dals & Pulses,499,250 g,/api/placeholder/200/200,active,100
Nutraj California Whole Walnut (Akrod) : 1 kg,,Dals & Pulses,999,,/api/placeholder/200/200,active,100
,,,,,,,
,,,,,,,
Nutraj Kashmir Walnut Kernels : 250 gms,,Dals & Pulses,399,250 g,/api/placeholder/200/200,active,100
Ziofit California Walnut Kernels : 200 gms,,Dals & Pulses,585,200 g,/api/placeholder/200/200,active,100
Pro Nature 100% Organic Daliya (Broken Wheat) : 500 gm,,Dals & Pulses,72,500 g,/api/placeholder/200/200,active,100
Pro Nature Organic Urad Black Whole : 500 g,,Masala & Spices,149,500 g,/api/placeholder/200/200,active,100
,,,,,,,
Mix Dal : 1 kg,,Dals & Pulses,200,1 kg,/api/placeholder/200/200,active,100
,,,,,,,
,,,,,,,
,,,,,,,
Farmley Panchmeva Mix Dryfruit : 425 gm,,Flours & Grains,599,425 g,/api/placeholder/200/200,active,100
,,,,,,,
Farmley Berry Mix : 200 g,,Grocery,349,200 g,/api/placeholder/200/200,active,100
Farmley Seed Mix : 200 g,,Grocery,229,200 g,/api/placeholder/200/200,active,100
Farmley Snack Mix Mexican Peri-Peri : 405 g,,Dals & Pulses,499,405 g,/api/placeholder/200/200,active,100
Farmley Trail Mix : 200 g,,Cooking Oil,349,200 g,/api/placeholder/200/200,active,100
,,,,,,,
,,,,,,,
,,,,,,,
Happilo Healthy Nutmix : 350 gms,,Flours & Grains,599,350 g,/api/placeholder/200/200,active,100
,,,,,,,
,,,,,,,
Farmley Prasadam Makhana Pouch : 200 gms,,Dals & Pulses,595,,/api/placeholder/200/200,active,100
Farmley Himalayan Salted Makhana Jar : 83 gms,,Salt/Sugar/Jaggery,259,83 g,/api/placeholder/200/200,active,100
,,,,,,,
Farmley Peri Peri Makhana Jar : 83 gms,,Masala & Spices,259,83 g,/api/placeholder/200/200,active,100
,,,,,,,
Farmley Cream & Onion Makhana Jar : 83 gms,,Cooking Oil,259,83 g,/api/placeholder/200/200,active,100
Mix Pulse (Sprout) : 500 gms,,Dals & Pulses,95,500 g,/api/placeholder/200/200,active,100
,,,,,,,
Farmley Minty Pudina Makhana Jar : 83 gms,,Dals & Pulses,259,83 g,/api/placeholder/200/200,active,100
Farmley Cheese & Herbs Makhana : 83 gm,,Ghee & Vanaspati,259,83 g,/api/placeholder/200/200,active,100
Khetika Naturale Raw Makhana : 250 g,,Grocery,449,250 g,/api/placeholder/200/200,active,100
Nutraj Dried Figs (Anjeer) : 500 gms,,Rice & Rice Products,899,500 g,/api/placeholder/200/200,active,100
Healthy Crunch Anjeer (Figs) : 250 gms,,Flours & Grains,375,250 g,/api/placeholder/200/200,active,100
,,,,,,,
Organic Tattva Groundnuts (Peanuts) : 500 gms,,Flours & Grains,185,500 g,/api/placeholder/200/200,active,100
VSR Raw Peanut (Veru Senega/Palleelu) : 1 kg,,Dals & Pulses,238,1 kg,/api/placeholder/200/200,active,100
VSR Raw Peanut (Veru Senega/Palleelu) : 500 gms,,Dals & Pulses,120,500 g,/api/placeholder/200/200,active,100
Pro Nature Organic Raw Peanuts : 1 kg,,Masala & Spices,336,1 kg,/api/placeholder/200/200,active,100
Pro Nature 100% Organic Raw Peanuts : 500 gm,,Dry Fruits,174,500 g,/api/placeholder/200/200,active,100
,,,,,,,
,,,,,,,
,,,,,,,
Jaggery : 900 gms,,Salt/Sugar/Jaggery,90,900 g,/api/placeholder/200/200,active,100
,,,,,,,
,,,,,,,
,,,,,,,
,,,,,,,
,,,,,,,
,,,,,,,
Keshar Natural Jaggery Jar : 800 gms,,Salt/Sugar/Jaggery,125,800 g,/api/placeholder/200/200,active,100
,,,,,,,
,,,,,,,
,,,,,,,
,,,,,,,
,,,,,,,
,,,,,,,
,,,,,,,
,,,,,,,
,,,,,,,
Cassia Taj (Dalchina chekka) : 100 gms,,Dals & Pulses,93,100 g,/api/placeholder/200/200,active,100
Mamra - Puffed Rice (Murmuralu) : 500 gms,,Rice & Rice Products,60,500 g,/api/placeholder/200/200,active,100
,,,,,,,
Jaggery : 900 gms,,Salt/Sugar/Jaggery,90,900 g,/api/placeholder/200/200,active,100
,,,,,,,
,,,,,,,
Farmley Cream & Onion Makhana Jar : 83 gms,,Cooking Oil,259,83 g,/api/placeholder/200/200,active,100
Mix Pulse (Sprout) : 500 gms,,Dals & Pulses,95,500 g,/api/placeholder/200/200,active,100
,,,,,,,
Farmley Minty Pudina Makhana Jar : 83 gms,,Dals & Pulses,259,83 g,/api/placeholder/200/200,active,100
Farmley Cheese & Herbs Makhana : 83 gm,,Ghee & Vanaspati,259,83 g,/api/placeholder/200/200,active,100
Khetika Naturale Raw Makhana : 250 g,,Grocery,449,250 g,/api/placeholder/200/200,active,100
Nutraj Dried Figs (Anjeer) : 500 gms,,Rice & Rice Products,899,500 g,/api/placeholder/200/200,active,100
Healthy Crunch Anjeer (Figs) : 250 gms,,Flours & Grains,375,250 g,/api/placeholder/200/200,active,100
,,,,,,,
Organic Tattva Groundnuts (Peanuts) : 500 gms,,Flours & Grains,185,500 g,/api/placeholder/200/200,active,100
VSR Raw Peanut (Veru Senega/Palleelu) : 1 kg,,Dals & Pulses,238,1 kg,/api/placeholder/200/200,active,100
VSR Raw Peanut (Veru Senega/Palleelu) : 500 gms,,Dals & Pulses,120,500 g,/api/placeholder/200/200,active,100
Pro Nature Organic Raw Peanuts : 1 kg,,Masala & Spices,336,1 kg,/api/placeholder/200/200,active,100
Pro Nature 100% Organic Raw Peanuts : 500 gm,,Dry Fruits,174,500 g,/api/placeholder/200/200,active,100
,,,,,,,
,,,,,,,
,,,,,,,
Jaggery : 900 gms,,Salt/Sugar/Jaggery,90,900 g,/api/placeholder/200/200,active,100
,,,,,,,
,,,,,,,
,,,,,,,
,,,,,,,
,,,,,,,
,,,,,,,
Keshar Natural Jaggery Jar : 800 gms,,Salt/Sugar/Jaggery,125,800 g,/api/placeholder/200/200,active,100
,,,,,,,
,,,,,,,
,,,,,,,
,,,,,,,
,,,,,,,
,,,,,,,
,,,,,,,
,,,,,,,
,,,,,,,
Cassia Taj (Dalchina chekka) : 100 gms,,Dals & Pulses,93,100 g,/api/placeholder/200/200,active,100
Mamra - Puffed Rice (Murmuralu) : 500 gms,,Rice & Rice Products,60,500 g,/api/placeholder/200/200,active,100
,,,,,,,
Jaggery : 900 gms,,Salt/Sugar/Jaggery,90,900 g,/api/placeholder/200/200,active,100
,,,,,,,
,,,,,,,
Priya Sunflower Oil : 5 Litres,,Cooking Oil,1010,,/api/placeholder/200/200,active,100
Gold Drop Refined Sunflower Oil (2 L) : 1.820 kg,,Cooking Oil,350,820 kg,/api/placeholder/200/200,active,100
Gold Drop Refined Sunflower Oil Tin (15 L),,Cooking Oil,,,/api/placeholder/200/200,active,100
RRO Primio Refined Groundnut Oil : 5 Litres,,Cooking Oil,1275,,/api/placeholder/200/200,active,100
Gramiyaa Wood Cold Pressed Groundnut Oil (1 L) : 910 g,,Cooking Oil,490,910 g,/api/placeholder/200/200,active,100
Vijaya Groundnut Oil : 1 Litre,,Cooking Oil,173,,/api/placeholder/200/200,active,100
Tata Simply Better Cold Pressed Groundnut Oil : 1 L,,Cooking Oil,500,,/api/placeholder/200/200,active,100
Freedom Groundnut Oil : 1 Litre,,Cooking Oil,215,,/api/placeholder/200/200,active,100
Gramiyaa Wood Cold Pressed Coconut Oil : 500 ml,,Cooking Oil,310,500 ml,/api/placeholder/200/200,active,100
As Brand Filtered Groundnut Oil : 1 Litre,,Cooking Oil,180,,/api/placeholder/200/200,active,100
Saffola Gold Oil (1 L) : 910 g,,Cooking Oil,197,910 g,/api/placeholder/200/200,active,100
Saffola Active Oil (15 L) : 13.650 kg,,Cooking Oil,2955,650 kg,/api/placeholder/200/200,active,100
Saffola Tasty Oil : 1 Litre,,Cooking Oil,187,,/api/placeholder/200/200,active,100
Sundrop Heart Oil : 5 Litres,,Cooking Oil,1265,,/api/placeholder/200/200,active,100
Freedom Rice Bran Oil : 1 Litre,,Cooking Oil,194,,/api/placeholder/200/200,active,100
Healthy Heart Refined Rice Bran Oil : 910 gms,,Cooking Oil,185,910 g,/api/placeholder/200/200,active,100
Priya Rice Rich Rice Bran Oil : 1 Litre,,Cooking Oil,210,,/api/placeholder/200/200,active,100
Vijaya Ricebran Oil : 1 Litre,,Cooking Oil,161,,/api/placeholder/200/200,active,100
Patanjali Kachi Ghani Mustard Oil (1 L) : 910 g,,Cooking Oil,190,910 g,/api/placeholder/200/200,active,100
Fortune Kachi Ghani Mustard Oil Bottle (1 L) : 910 g,,Cooking Oil,225,910 g,/api/placeholder/200/200,active,100
Tez Mustard Kachchi Ghani Oil Bottle (1 L) : 910 g,,Cooking Oil,230,910 g,/api/placeholder/200/200,active,100
Tata Simply Better Cold Pressed Mustard Oil : 1 L,,Cooking Oil,350,,/api/placeholder/200/200,active,100
Gramiyaa Wood Cold Pressed Mustard Oil : 1 Litre,,Cooking Oil,490,,/api/placeholder/200/200,active,100
Dabur Cold Pressed Mustard Oil : 910 g,,Cooking Oil,310,910 g,/api/placeholder/200/200,active,100
Ruchi Gold Refined Palmolein Oil : 850 gm,,Cooking Oil,177,850 g,/api/placeholder/200/200,active,100
Borges Olive Oil For Indian Cooking (2 L) : 1.832 kg,,Cooking Oil,4200,832 kg,/api/placeholder/200/200,active,100
Tilsona Til Oil Bottle (1 L) : 915 g,,Cooking Oil,435,915 g,/api/placeholder/200/200,active,100
RRO Til Dil Til Oil Bottle : 1 Litre,,Cooking Oil,415,,/api/placeholder/200/200,active,100
Idhayam Gingelly Oil (1 L) : 914 g,,Cooking Oil,477,914 g,/api/placeholder/200/200,active,100
KLF Coconad 100% Edible Coconut Oil (1 L) : 912 g,,Cooking Oil,375,912 g,/api/placeholder/200/200,active,100
Borges Extra Virgin Olive Oil (1 L) : 916 g,,Cooking Oil,2300,916 g,/api/placeholder/200/200,active,100
Figaro Olive Oil Tin (200 ml) : 182 g,,Cooking Oil,474,182 g,/api/placeholder/200/200,active,100
Figaro Extra Virgin Olive Oil Bottle (250 ml) : 228 g,,Cooking Oil,599,228 g,/api/placeholder/200/200,active,100
Pooja Branded Gingelly Oil : 1 Litre,,Cooking Oil,270,,/api/placeholder/200/200,active,100
As Brand Gingelly Oil : 1 Litre,,Cooking Oil,479,,/api/placeholder/200/200,active,100
Tata Simply Better Cold Pressed Sesame Oil : 1 L,,Cooking Oil,649,,/api/placeholder/200/200,active,100
Vijaya Palm Oil : 1 Litre,,Cooking Oil,167,,/api/placeholder/200/200,active,100
First Klass Refined Palmolein Oil : 850 gms,,Cooking Oil,174,850 g,/api/placeholder/200/200,active,100
KLF Nirmal Coconut Oil Jar : 1 Litre,,Cooking Oil,430,,/api/placeholder/200/200,active,100
Nirmal Virgin Cold Pressed Edible Coconut Oil : 500 ml,,Cooking Oil,420,500 ml,/api/placeholder/200/200,active,100
Cesar Olive Pomace Oil : 1 Litre,,Cooking Oil,1000,,/api/placeholder/200/200,active,100
Nirmal Virgin Cold Pressed Edible Coconut Oil : 250 ml,,Cooking Oil,240,250 ml,/api/placeholder/200/200,active,100
Cesar Olive Pomace Oil : 5 Litres,,Cooking Oil,4600,,/api/placeholder/200/200,active,100
Patanjali Cow Ghee (Neyyi) : 1 Litre,,Ghee & Vanaspati,720,5 g,/api/placeholder/200/200,active,100
Milky Mist Ghee Pouch (1 L) : 910 g,,Ghee & Vanaspati,729,910 g,/api/placeholder/200/200,active,100
Dodla Pure Cow Ghee (Neyyi) : 1 Litre,,Ghee & Vanaspati,760,,/api/placeholder/200/200,active,100
Gits Cow Ghee Jar : 181 g,,Ghee & Vanaspati,169,181 g,/api/placeholder/200/200,active,100
Amul High Aroma Cow Ghee Tin (Neyyi) : 1 Litre,,Ghee & Vanaspati,705,,/api/placeholder/200/200,active,100
Godrej Jersey Cow Ghee Pouch (Neyyi) : 1 Litre,,Ghee & Vanaspati,779,,/api/placeholder/200/200,active,100
Haribol Desi Cow A2 Ghee (Neyyi) : 225 ml,,Ghee & Vanaspati,495,200 g,/api/placeholder/200/200,active,100
Organic India Organic Cow Ghee : 500 ml,,Ghee & Vanaspati,849,500 ml,/api/placeholder/200/200,active,100
Milky Mist Cow Ghee : 1 Litre,,Ghee & Vanaspati,829,,/api/placeholder/200/200,active,100
Vijaya Pure Cow Ghee (Neyyi) : 1 Litre,,Ghee & Vanaspati,690,,/api/placeholder/200/200,active,100
Godrej Jersey Cow Ghee Jar (Neyyi) : 1 Litre,,Ghee & Vanaspati,799,,/api/placeholder/200/200,active,100
Gits Cow Ghee Pouch : 905 g,,Ghee & Vanaspati,699,905 g,/api/placeholder/200/200,active,100
HariBol Desi Gir Cow Ghee : 902 g,,Ghee & Vanaspati,2090,902 g,/api/placeholder/200/200,active,100
Amul Pure Ghee Pouch (Neyyi) : 1 Litre,,Ghee & Vanaspati,635,905 g,/api/placeholder/200/200,active,100
Amul Ghee Refill (Neyyi) : 1 Litre,,Ghee & Vanaspati,635,,/api/placeholder/200/200,active,100
GRB Ghee (Neyyi) : 500 ml,,Ghee & Vanaspati,425,500 ml,/api/placeholder/200/200,active,100
GRB Ghee (Neyyi) : 500 ml,,Ghee & Vanaspati,419,500 ml,/api/placeholder/200/200,active,100
Vijaya Pure Ghee Pouch (Neyyi) : 1 Litre,,Ghee & Vanaspati,690,,/api/placeholder/200/200,active,100
Durga Fresh & Pure Ghee (Neyyi) : 500 ml,,Ghee & Vanaspati,408,500 ml,/api/placeholder/200/200,active,100
Durga Ghee (Neyyi) : 1 Litre,,Ghee & Vanaspati,790,,/api/placeholder/200/200,active,100
Creamline Jersey Ghee (Neyyi) : 1 Litre,,Ghee & Vanaspati,779,,/api/placeholder/200/200,active,100
Dodla Ghee Jar (Neyyi) : 200 ml,,Ghee & Vanaspati,180,200 ml,/api/placeholder/200/200,active,100
Aashirvaad Superior MP Atta (Godhuma pindi) : 10 kgs,,Flours & Grains,638,10 kg,/api/placeholder/200/200,active,100
Patanjali Whole Wheat Atta (Godhuma pindi) : 10 kgs,,Flours & Grains,600,10 kg,/api/placeholder/200/200,active,100
Wheat Flour Chakki Atta : 10 kgs,,Flours & Grains,500,10 kg,/api/placeholder/200/200,active,100
Pillsbury Multi Grain Atta (Godhuma Pindi) : 5 kgs,,Flours & Grains,394,5 kg,/api/placeholder/200/200,active,100
Wheat Flour Chakki Atta (Godhuma pindi) : 5 kgs,,Flours & Grains,250,5 kg,/api/placeholder/200/200,active,100
Pillsbury Sharbati Wheat Gold Atta : 5 kg,,Flours & Grains,372,5 kg,/api/placeholder/200/200,active,100
Organic Tattva Organic Wheat Flour : 5 kgs,,Flours & Grains,399,5 kg,/api/placeholder/200/200,active,100
,,,,,,,
Aashirvaad Organic Whole Wheat Atta : 5 kgs,,Flours & Grains,399,5 kg,/api/placeholder/200/200,active,100
Patanjali Whole Wheat Atta (Godhuma pindi) : 5 kgs,,Flours & Grains,315,5 kg,/api/placeholder/200/200,active,100
Aashirvaad Sugar Release Control Atta (Godhuma pindi) : 5 kgs,,Flours & Grains,445,5 kg,/api/placeholder/200/200,active,100
Srivari Whole Wheat Chakki Fresh Atta : 5 kg,,Flours & Grains,325,5 kg,/api/placeholder/200/200,active,100
Pillsbury Wheat Atta (Godhuma pindi) : 2 kgs,,Flours & Grains,131,2 kg,/api/placeholder/200/200,active,100
24 Mantra Organic Whole Wheat Atta : 5 kgs,,Flours & Grains,395,,/api/placeholder/200/200,active,100
Pillsbury Chakki Fresh Wheat Atta (Godhuma pindi) : 1 kg,,Flours & Grains,71,1 kg,/api/placeholder/200/200,active,100
24 Mantra Organic Ragi Flour (Ragi Pindi) : 500 gms,,Flours & Grains,75,500 g,/api/placeholder/200/200,active,100
Gb Whole Wheat Atta : 1 Kg,,Flours & Grains,55,1 kg,/api/placeholder/200/200,active,100
Pro Nature Whole Wheat Flour : 5 Kg,,Flours & Grains,419,,/api/placeholder/200/200,active,100
Annapurna Chakki Farm Fresh Atta : 10 kg,,Flours & Grains,614,10 kg,/api/placeholder/200/200,active,100
Pillsbury Multi Grains Atta : 1 kg,,Flours & Grains,80,1 kg,/api/placeholder/200/200,active,100
Manna Sprouted Ragi Flour : 500 gms,,Flours & Grains,109,500 g,/api/placeholder/200/200,active,100
Srivari Whole Wheat Chakki Fresh Atta : 10 kg,,Flours & Grains,650,10 kg,/api/placeholder/200/200,active,100
24 Mantra Organic Sattu Atta (Gondhuma Pindi) : 500 gms,,Flours & Grains,160,500 g,/api/placeholder/200/200,active,100
Srivari Whole Wheat Chakki Fresh Atta : 1 kg,,Flours & Grains,75,1 kg,/api/placeholder/200/200,active,100
,,,,,,,
,,,,,,,
,,,,,,,
,,,,,,,
True Elements Whole Grain Quinoa : 1 kg,,Flours & Grains,650,,/api/placeholder/200/200,active,100
,,,,,,,
VSR Idly Rawa : 1 kg,,Dals & Pulses,66,1 kg,/api/placeholder/200/200,active,100
VSR Wheat Rawa : 1 kg,,Flours & Grains,80,1 kg,/api/placeholder/200/200,active,100
,,,,,,,
,,,,,,,
,,,,,,,
,,,,,,,
VSR Brown Rawa : 500 gms,,Flours & Grains,100,500 g,/api/placeholder/200/200,active,100
Manna Ethnic Barnyard Millet : 500 gms,,Cooking Oil,139,500 g,/api/placeholder/200/200,active,100
Desi Nutri Brown Top Millet Hari Kangni : 500 gm,,Cooking Oil,230,500 g,/api/placeholder/200/200,active,100
Desi Nutri Barnyard Millet Sanwa : 500 gm,,Cooking Oil,150,500 g,/api/placeholder/200/200,active,100
VSR Foxtail Millet : 500 gms,,Dals & Pulses,95,500 g,/api/placeholder/200/200,active,100
Parry's Foxtail Millet : 500 g,,Dals & Pulses,90,500 g,/api/placeholder/200/200,active,100
Parry's Little Millet : 500 g,,Dals & Pulses,110,500 g,/api/placeholder/200/200,active,100
Parry's Kodo Millet : 500 g,,Cooking Oil,100,500 g,/api/placeholder/200/200,active,100
Parry's Barnyard Millet : 500 g,,Cooking Oil,110,500 g,/api/placeholder/200/200,active,100
,,,,,,,
,,,,,,,
Tata Sampann Fine Besan (Senagapindi) : 1 kg,,Flours & Grains,166,,/api/placeholder/200/200,active,100
VSR Bombay Rawa : 1 kg,,Rice & Rice Products,72,1 kg,/api/placeholder/200/200,active,100
,,,,,,,
Manna Health Mix : 500 gms,,Flours & Grains,279,500 g,/api/placeholder/200/200,active,100
VSR Wheat Rawa : 500 gms,,Flours & Grains,42,500 g,/api/placeholder/200/200,active,100
VSR Besan (Senagapindi) : 500 gms,,Flours & Grains,89,500 g,/api/placeholder/200/200,active,100
Weikfield Corn Flour : 500 gms,,Flours & Grains,90,500 g,/api/placeholder/200/200,active,100
Weikfield Corn Flour : 100 gms,,Flours & Grains,30,100 g,/api/placeholder/200/200,active,100
Manna Ethnic Foxtail Millet : 500 gms,,Dals & Pulses,139,500 g,/api/placeholder/200/200,active,100
Manna Ethnic Millets Little Millets : 500 gms,,Dals & Pulses,139,500 g,/api/placeholder/200/200,active,100
Sri Aharya Sprouted & Roasted Ragi Flour : 500 gms,,Flours & Grains,69,500 g,/api/placeholder/200/200,active,100
24 Mantra Organic Besan (Senagapindi) : 500 gms,,Flours & Grains,135,500 g,/api/placeholder/200/200,active,100
VSR Ragi Flour : 1 kg,,Flours & Grains,92,1 kg,/api/placeholder/200/200,active,100
VSR Ragi Flour : 500 gms,,Flours & Grains,48,500 g,/api/placeholder/200/200,active,100
Pro Nature Sooji : 500 g,,Grocery,74,500 g,/api/placeholder/200/200,active,100
VSR Quinoa : 500 gms,,Dry Fruits,195,500 g,/api/placeholder/200/200,active,100
Desi Nutri Sprouted Ragi Flour : 450 gm,,Flours & Grains,165,450 g,/api/placeholder/200/200,active,100
Desi Nutri Multi Roti Mix : 450 gm,,Cooking Oil,190,450 g,/api/placeholder/200/200,active,100
Desi Nutri Finger Millet Flour : 450 gm,,Flours & Grains,129,450 g,/api/placeholder/200/200,active,100
Sona Masoori Kurnool Rice : 26 kgs,,Rice & Rice Products,2210,26 kg,/api/placeholder/200/200,active,100
Sona Masoori Kurnool Rice : 26 kgs,,Rice & Rice Products,2600,26 kg,/api/placeholder/200/200,active,100
Sona Masuri Rice : 26 kgs,,Rice & Rice Products,1820,26 g,/api/placeholder/200/200,active,100
Karnool Sona Masuri Rice :26 kgs,,Rice & Rice Products,2080,26 kg,/api/placeholder/200/200,active,100
Sona Masoori Kurnool Rice (Biyyam) : 10 kgs,,Rice & Rice Products,1000,10 kg,/api/placeholder/200/200,active,100
Sona Masoori Kurnool Rice (Biyyam) : 5 kgs,,Rice & Rice Products,450,5 kg,/api/placeholder/200/200,active,100
Sona Raw Rice : 26 kgs,,Rice & Rice Products,1820,26 kg,/api/placeholder/200/200,active,100
Sona Masoori Kurnool Rice (Biyyam) : 10 kgs,,Rice & Rice Products,900,10 kg,/api/placeholder/200/200,active,100
Sona Masoori Kurnool Rice (Biyyam) : 5 kgs,,Rice & Rice Products,500,5 kg,/api/placeholder/200/200,active,100
VSR Sona Masuri Rice : 5 kgs,,Rice & Rice Products,470,5 kg,/api/placeholder/200/200,active,100
VSR Sona Masuri Rice : 10 kgs,,Rice & Rice Products,930,10 kg,/api/placeholder/200/200,active,100
Daawat Rozana Super Basmati Rice (Biyyam) : 5 kgs,,Rice & Rice Products,495,5 kg,/api/placeholder/200/200,active,100
Daawat Devaaya Basmati Rice (Biyyam) : 5 kgs,,Rice & Rice Products,845,5 kg,/api/placeholder/200/200,active,100
India Gate Basmati Rice - Feast Rozzana (Biyyam) : 1 kg,,Rice & Rice Products,118,1 kg,/api/placeholder/200/200,active,100
Daawat Super Basmati Rice (Biyyam) : 1 kg,,Rice & Rice Products,200,1 kg,/api/placeholder/200/200,active,100
Daawat Rozana Basmati Rice - Gold (Biyyam) : 5 kgs,,Rice & Rice Products,600,5 kg,/api/placeholder/200/200,active,100
India Gate Basmati Rice - Classic (Biyyam) : 5 kgs,,Rice & Rice Products,1255,5 kg,/api/placeholder/200/200,active,100
Daawat Pulav Basmati Rice (Biyyam) : 1 kg,,Rice & Rice Products,177,1 kg,/api/placeholder/200/200,active,100
Daawat Traditional Basmati Rice (Biyyam) : 1 kg,,Rice & Rice Products,250,1 kg,/api/placeholder/200/200,active,100
Kohinoor Super Value Basmati Rice (Biyyam) : 1 kg,,Rice & Rice Products,199,1 kg,/api/placeholder/200/200,active,100
Devaaya Biryani Basmati Rice (Biyyam) : 1 kg,,Rice & Rice Products,250,1 kg,/api/placeholder/200/200,active,100
Brown Rice (Biyyam) : 5 kgs,,Rice & Rice Products,450,5 kg,/api/placeholder/200/200,active,100
Pansari Royal Basmati Rice : 1 kg,,Rice & Rice Products,230,1 kg,/api/placeholder/200/200,active,100
24 Mantra Organic Sonamasuri Brown Rice (Biyyam) : 1 kg,,Rice & Rice Products,125,1 kg,/api/placeholder/200/200,active,100
,,,,,,,
Gajanan Silver GB JSR Rice : 26 kgs,,Rice & Rice Products,2210,26 kg,/api/placeholder/200/200,active,100
Parry's Sona Masoori Steam Rice Deluxe : 10 kg,,Rice & Rice Products,960,10 kg,/api/placeholder/200/200,active,100
Parry's Sona Masoori Steam Rice Deluxe : 5 kg,,Rice & Rice Products,480,5 kg,/api/placeholder/200/200,active,100
Parry's HMT Rice Deluxe : 5 kg,,Rice & Rice Products,480,5 kg,/api/placeholder/200/200,active,100
Parry's HMT Rice Deluxe : 10 kg,,Rice & Rice Products,960,10 kg,/api/placeholder/200/200,active,100
VSR Kurnool Rice : 10 kgs,,Rice & Rice Products,950,10 kg,/api/placeholder/200/200,active,100
VSR Kurnool Rice : 5 kgs,,Rice & Rice Products,490,5 kg,/api/placeholder/200/200,active,100
Tata Sampann Poha (Atukulu) : 500 gms,,Rice & Rice Products,53,500 g,/api/placeholder/200/200,active,100
Organic Tattva Red Poha : 500 gms,,Rice & Rice Products,99,500 g,/api/placeholder/200/200,active,100
Pro Nature 100% Organic Red Beaten Rice (Red Poha) : 500 gm,,Rice & Rice Products,89,500 g,/api/placeholder/200/200,active,100
24 Mantra Organic Poha (Atukulu) : 500 gms,,Rice & Rice Products,85,500 g,/api/placeholder/200/200,active,100
Vijay Murmura (Puffed Rice) : 500 gms,,Rice & Rice Products,60,500 g,/api/placeholder/200/200,active,100
Farmley Pumpkin Seeds : 200 gms,,Grocery,259,200 g,/api/placeholder/200/200,active,100
Farmley Sunflower Seeds : 200 gms,,Cooking Oil,159,200 g,/api/placeholder/200/200,active,100
Nutraj Cardamom  (Elaichi) : 50 gm,,Dals & Pulses,300,50 g,/api/placeholder/200/200,active,100
,,,,,,,
Farmley Chia Seeds : 200 gms,,Grocery,199,200 g,/api/placeholder/200/200,active,100
,,,,,,,
,,,,,,,
,,,,,,,
Kitchen King Imli (Chinthapandu) : 500 gms,,Cooking Oil,125,500 g,/api/placeholder/200/200,active,100
Granny's Cake Tamarind : 1 kg,,Flours & Grains,246,1 kg,/api/placeholder/200/200,active,100
Kitchen King Emli (Chinthapandu) : 1 kg,,Dals & Pulses,240,1 kg,/api/placeholder/200/200,active,100
Granny's Cake Tamarind : 500 gms,,Flours & Grains,124,500 g,/api/placeholder/200/200,active,100
Everest Saffron (Kesar) : 0.5 gms,,Salt/Sugar/Jaggery,210,5 g,/api/placeholder/200/200,active,100
Pro Nature 100% Organic Black Pepper (Whole) : 100 gm,,Masala & Spices,210,100 g,/api/placeholder/200/200,active,100
,,,,,,,
,,,,,,,
Nutraj Cardamom  (Elaichi) : 20 gm,,Dals & Pulses,120,20 g,/api/placeholder/200/200,active,100
Pro Nature 100% Organic Mustard (Small) : 200 gm,,Cooking Oil,84,200 g,/api/placeholder/200/200,active,100
Pro Nature Classic Sesame (White Natural) : 200 gm,,Dals & Pulses,142,200 g,/api/placeholder/200/200,active,100
Pro Nature Red Chilli Whole Hot : 100 g,,Masala & Spices,146,100 g,/api/placeholder/200/200,active,100
Pro Nature Cumin Whole : 250 g,,Cooking Oil,375,250 g,/api/placeholder/200/200,active,100
Pro Nature 100% Organic Fenugreek (Methi) : 200 gm,,Ghee & Vanaspati,86,200 g,/api/placeholder/200/200,active,100
Pro Nature 100% Organic Cinnamon Bark : 50 gm,,Dry Fruits,85,50 g,/api/placeholder/200/200,active,100
Pro Nature 100% Organic Cumin (Whole) : 100 gm,,Cooking Oil,176,100 g,/api/placeholder/200/200,active,100
Pro Nature 100% Organic Coriander (Whole) : 200 gm,,Cooking Oil,119,200 g,/api/placeholder/200/200,active,100
Farmley Chia Seeds : 1 kg,,Dry Fruits,1199,1 kg,/api/placeholder/200/200,active,100
Nutraj Pumpkin Seeds Pouch : 100 g,,Grocery,99,100 g,/api/placeholder/200/200,active,100
Nutraj Watermelon Seeds Pouch : 100 g,,Dry Fruits,149,100 g,/api/placeholder/200/200,active,100
Farmley Quinoa Seeds (Ready to Cook) : 500 g,,Grocery,300,500 g,/api/placeholder/200/200,active,100
Pro Nature Cardamom (Small) : 50 g,,Salt/Sugar/Jaggery,465,50 g,/api/placeholder/200/200,active,100
Everest Tikhalal Chilli Powder : 200 gms,,Masala & Spices,120,200 g,/api/placeholder/200/200,active,100
,,,,,,,
Everest Garam Masala : 100 gms,,Masala & Spices,100,100 g,/api/placeholder/200/200,active,100
Everest Turmeric Powder : 200 gms,,Masala & Spices,92,200 g,/api/placeholder/200/200,active,100
Everest Kitchen King Masala : 100 gms,,Masala & Spices,90,100 g,/api/placeholder/200/200,active,100
LG Hing : 100 gms,,Flours & Grains,182,100 g,/api/placeholder/200/200,active,100
Everest Shahi Biryani Masala : 50 gms,,Masala & Spices,83,50 g,/api/placeholder/200/200,active,100
Everest Coriander Powder : 500 gms,,Cooking Oil,190,500 g,/api/placeholder/200/200,active,100
,,,,,,,
Everest Chhole Masala : 100 gms,,Masala & Spices,88,100 g,/api/placeholder/200/200,active,100
,,,,,,,
,,,,,,,
Aashirvaad Chilli Powder : 500 gms,,Masala & Spices,250,500 g,/api/placeholder/200/200,active,100
,,,,,,,
Everest Chicken Masala : 50 gms,,Masala & Spices,48,50 g,/api/placeholder/200/200,active,100
Everest Sambhar Masala : 50 gms,,Masala & Spices,42,50 g,/api/placeholder/200/200,active,100
Everest Yellow Hing Powder : 100 gms,,Cooking Oil,190,100 g,/api/placeholder/200/200,active,100
,,,,,,,
Everest Meat Masala : 100 gms,,Masala & Spices,92,100 g,/api/placeholder/200/200,active,100
,,,,,,,
Jalaram Brand Cardamom Powder : 20 gms,,Dals & Pulses,140,20 g,/api/placeholder/200/200,active,100
Aachi Chicken Masala Powder : 100 gms,,Masala & Spices,50,100 g,/api/placeholder/200/200,active,100
,,,,,,,
,,,,,,,
MTR Puliogare Powder : 100 gms,,Dals & Pulses,70,100 g,/api/placeholder/200/200,active,100
MTR Chilli Powder : 500 gms,,Masala & Spices,250,500 g,/api/placeholder/200/200,active,100
Everest Tandoori Chicken Masala : 100 gms,,Masala & Spices,92,100 g,/api/placeholder/200/200,active,100
Swastik Mirch Powder : 500 gms,,Flours & Grains,205,500 g,/api/placeholder/200/200,active,100
Aashirvaad Turmeric Powder : 200 gms,,Masala & Spices,80,200 g,/api/placeholder/200/200,active,100
Everest Black Pepper Powder : 50 gms,,Masala & Spices,78,50 g,/api/placeholder/200/200,active,100
Aachi Garam Masala Powder : 50 gms,,Masala & Spices,34,50 g,/api/placeholder/200/200,active,100
Everest Dry Mango Powder : 100 gms,,Grocery,96,100 g,/api/placeholder/200/200,active,100
Everest Pani Puri Masala : 50 gms,,Masala & Spices,40,50 g,/api/placeholder/200/200,active,100
Everest Sabji Masala : 50 gms,,Masala & Spices,38,50 g,/api/placeholder/200/200,active,100
Everest Hingraj Powder : 50 gms,,Flours & Grains,143,50 g,/api/placeholder/200/200,active,100
MTR Rasam Powder : 100 gms,,Dry Fruits,85,100 g,/api/placeholder/200/200,active,100
,,,,,,,
Surya Chilli Powder : 500 gms,,Masala & Spices,260,500 g,/api/placeholder/200/200,active,100
Eastern Turmeric Powder : 500 gms,,Masala & Spices,185,500 g,/api/placeholder/200/200,active,100
Three Mango Pickle Mirch Powder : 500 gms,,Ghee & Vanaspati,408,500 g,/api/placeholder/200/200,active,100
Surya Turmeric Powder : 500 gms,,Masala & Spices,210,500 g,/api/placeholder/200/200,active,100
Bambino Red Chilli Powder : 500 gms,,Masala & Spices,280,500 g,/api/placeholder/200/200,active,100
MTR Spicy Sambar Masala Powder : 200 gms,,Masala & Spices,150,200 g,/api/placeholder/200/200,active,100
Goldiee Red Chilli Powder Pouch : 500 gms,,Masala & Spices,163,500 g,/api/placeholder/200/200,active,100
Eastern Chilli Powder : 500 gms,,Masala & Spices,250,500 g,/api/placeholder/200/200,active,100
,,,,,,,
Everest Hingraj Powder Red : 100 gms,,Flours & Grains,275,100 g,/api/placeholder/200/200,active,100
Goldiee Turmeric Powder Pouch : 500 gms,,Masala & Spices,189,500 g,/api/placeholder/200/200,active,100
Aachi Cooking Turmeric Powder : 100 gms,,Masala & Spices,42,100 g,/api/placeholder/200/200,active,100
Jalaram Brand Cinnamon Powder : 50 gms,,Dals & Pulses,75,50 g,/api/placeholder/200/200,active,100
Aachi Biriyani Masala Powder : 50 gms,,Masala & Spices,38,50 g,/api/placeholder/200/200,active,100
MTR Special Garam Masala : 50 gms,,Masala & Spices,55,50 g,/api/placeholder/200/200,active,100
Goldiee Kashmiri Mirch Powder : 100 gms,,Cooking Oil,110,100 g,/api/placeholder/200/200,active,100
Aashirvaad Masala Karam : 200 gm,,Masala & Spices,150,200 g,/api/placeholder/200/200,active,100
Aashirvaad Coriander Powder : 500 gms,,Cooking Oil,230,500 g,/api/placeholder/200/200,active,100
Jalaram Brand Black Pepper Powder : 50 gms,,Masala & Spices,85,50 g,/api/placeholder/200/200,active,100
,,,,,,,
Goldiee Coriander Powder Pouch : 500 gms,,Cooking Oil,114,500 g,/api/placeholder/200/200,active,100
Snapin Cardamom Powder : 15 gm,,Dals & Pulses,59,15 g,/api/placeholder/200/200,active,100
Jalaram Brand Tea Masala with Saffron : 20 gms,,Masala & Spices,60,20 g,/api/placeholder/200/200,active,100
Rajini Tamarind Cake : 500 gms,,Flours & Grains,191,500 g,/api/placeholder/200/200,active,100
Swastik Haldi Powder : 500 gms,,Dals & Pulses,208,500 g,/api/placeholder/200/200,active,100
Goldiee Garam Masala : 100 gms,,Masala & Spices,102,100 g,/api/placeholder/200/200,active,100
Surya Coriander Powder : 500 gms,,Cooking Oil,200,500 g,/api/placeholder/200/200,active,100
Goldiee Chat Masala : 100 gms,,Masala & Spices,72,100 g,/api/placeholder/200/200,active,100
Goldiee Chicken Masala : 100 gms,,Masala & Spices,82,100 g,/api/placeholder/200/200,active,100
Shan Tandoori Barbeque Masala : 50 gms,,Masala & Spices,90,50 g,/api/placeholder/200/200,active,100
Shan Chicken Masala : 50 gms,,Masala & Spices,90,50 g,/api/placeholder/200/200,active,100
Goldiee Kitchen King Masala : 100 gms,,Masala & Spices,88,100 g,/api/placeholder/200/200,active,100
Goldiee Pavbhaji Masala : 100 gms,,Masala & Spices,82,100 g,/api/placeholder/200/200,active,100
Shan Nihari Masala : 60 gms,,Masala & Spices,90,60 g,/api/placeholder/200/200,active,100
Goldiee Sabji Masala : 100 gms,,Masala & Spices,64,100 g,/api/placeholder/200/200,active,100
,,,,,,,
Shan Chicken Tikka Masala : 50 gms,,Masala & Spices,90,50 g,/api/placeholder/200/200,active,100
Shan Korma Masala : 50 gms,,Masala & Spices,90,50 g,/api/placeholder/200/200,active,100
Goldiee Meat Masala Special : 100 gms,,Masala & Spices,86,100 g,/api/placeholder/200/200,active,100
Goldiee Chhole Masala : 100 gms,,Masala & Spices,88,100 g,/api/placeholder/200/200,active,100
Swastik Dhania Powder : 500 gms,,Dals & Pulses,158,500 g,/api/placeholder/200/200,active,100
Snapin Cinnamon Powder : 25 gm,,Dry Fruits,49,25 g,/api/placeholder/200/200,active,100
Surya Garam Masala : 50 gms,,Masala & Spices,46,50 g,/api/placeholder/200/200,active,100
Shan Achar Gosht Masala : 50 gms,,Masala & Spices,90,50 g,/api/placeholder/200/200,active,100
Shan Karahi Gosht Masala : 50 gms,,Masala & Spices,90,50 g,/api/placeholder/200/200,active,100
Tata Sampann Garam Masala : 100 gms,,Masala & Spices,105,100 g,/api/placeholder/200/200,active,100
Shan Tikka Masala : 50 gms,,Masala & Spices,90,50 g,/api/placeholder/200/200,active,100
Surya Chicken Masala : 50 gms,,Masala & Spices,46,50 g,/api/placeholder/200/200,active,100
Snapin Kashmiri Chilli Paprika : 40 gms,,Masala & Spices,99,40 g,/api/placeholder/200/200,active,100
TDH Rishika Karvepaku Kara Podi : 100 gm,,Cooking Oil,64,100 g,/api/placeholder/200/200,active,100
Srivari Madras Sambar Masala : 100 gm,,Masala & Spices,76,100 g,/api/placeholder/200/200,active,100
TDH Rishika Kandi Kara Podi : 100 gm,,Cooking Oil,64,100 g,/api/placeholder/200/200,active,100
Surya Pani Puri Masala : 50 gms,,Masala & Spices,44,50 g,/api/placeholder/200/200,active,100
Everest Rasam Masala Powder : 100 gms,,Masala & Spices,71,100 g,/api/placeholder/200/200,active,100
Srivari Garam Masala : 100 gm,,Masala & Spices,90,100 g,/api/placeholder/200/200,active,100
Srivari Mutton Masala : 100 gm,,Masala & Spices,80,100 g,/api/placeholder/200/200,active,100
Srivari Chilli Powder : 500 gm,,Masala & Spices,279,500 g,/api/placeholder/200/200,active,100
Srivari Chilli Powder : 200 gm,,Masala & Spices,110,200 g,/api/placeholder/200/200,active,100
TDH Rishika Chilli Powder : 500 g,,Masala & Spices,225,500 g,/api/placeholder/200/200,active,100
Srivari Turmeric Powder : 200 gm,,Masala & Spices,105,200 g,/api/placeholder/200/200,active,100
Srivari Turmeric Powder : 500 gm,,Masala & Spices,225,500 g,/api/placeholder/200/200,active,100
TDH Rishika Turmaric Powder : 500 g,,Masala & Spices,180,500 g,/api/placeholder/200/200,active,100
Srivari Coriander Powder : 200 gm,,Cooking Oil,95,200 g,/api/placeholder/200/200,active,100
Srivari Coriander Powder : 500 gm,,Cooking Oil,225,500 g,/api/placeholder/200/200,active,100
TDH Rishika Coriander Powder : 500 g,,Dry Fruits,120,500 g,/api/placeholder/200/200,active,100
Smith & Jones Ginger Garlic Paste : 200 gms,,Dals & Pulses,50,200 g,/api/placeholder/200/200,active,100
Mother's Recipe Ginger Garlic Paste : 200 gms,,Dals & Pulses,50,200 g,/api/placeholder/200/200,active,100
Weikfield Baking Powder : 100 gms,,Flours & Grains,36,100 g,/api/placeholder/200/200,active,100
Mother's Recipe Tamarind Paste : 300 gms,,Dals & Pulses,76,300 g,/api/placeholder/200/200,active,100
Mother's Recipe Samosa Chutney : 200 gms,,Grocery,60,200 g,/api/placeholder/200/200,active,100
Jalaram Kesar (Saffron) : 1 gm,,Dals & Pulses,395,1 g,/api/placeholder/200/200,active,100
Keya Piri Piri : 80 gms,,Dry Fruits,119,80 g,/api/placeholder/200/200,active,100
Keya Wonder Hot Red Chilli Flakes: 40 gms,,Masala & Spices,99,40 g,/api/placeholder/200/200,active,100
Keya Oregano : 7 gms,,Flours & Grains,109,7 g,/api/placeholder/200/200,active,100
,,,,,,,
Snapin Mixed Herbs : 20 gms,,Flours & Grains,99,20 g,/api/placeholder/200/200,active,100
,,,,,,,
Keya Pizza Seasoning : 40 gms,,Dry Fruits,139,40 g,/api/placeholder/200/200,active,100
Snapin Piri Piri Mix : 50 gms,,Flours & Grains,99,50 g,/api/placeholder/200/200,active,100
Snapin Cheesy Garlic Bread Mix : 45 gms,,Ghee & Vanaspati,99,45 g,/api/placeholder/200/200,active,100
Snapin Regular Oregano Seasoning Sachet : 10 gms,,Flours & Grains,10,10 g,/api/placeholder/200/200,active,100
Snapin Regular Chilli Flakes Sachet : 7 gms,,Masala & Spices,10,7 g,/api/placeholder/200/200,active,100
Snapin Piri Piri Mix Sachet : 12 gms,,Flours & Grains,10,12 g,/api/placeholder/200/200,active,100
Snapin Piri Piri Mix : 15 gms,,Flours & Grains,59,15 g,/api/placeholder/200/200,active,100
Raj Flavours Essence - Pineapple : 30 ml,,Masala & Spices,42,30 ml,/api/placeholder/200/200,active,100
Raj Flavours Essence - Chocolate : 30 ml,,Cooking Oil,42,30 ml,/api/placeholder/200/200,active,100
Raj Flavours Essence - Butterscotch : 30 ml,,Dry Fruits,42,30 ml,/api/placeholder/200/200,active,100
Puro Healthy Salt : 1 kg,,Salt/Sugar/Jaggery,110,,/api/placeholder/200/200,active,100
Tata Rock Salt : 1 kg,,Salt/Sugar/Jaggery,99,,/api/placeholder/200/200,active,100
Tata Salt Lite - Low Sodium Iodised : 1 kg,,Salt/Sugar/Jaggery,50,1 kg,/api/placeholder/200/200,active,100
Rock Salt : 1 kg,,Salt/Sugar/Jaggery,99,1 kg,/api/placeholder/200/200,active,100
Tata Iodised Crystal Salt : 1 kg,,Salt/Sugar/Jaggery,22,1 kg,/api/placeholder/200/200,active,100
Aashirvaad Iodized Crystal Salt : 1 kg,,Salt/Sugar/Jaggery,22,1 kg,/api/placeholder/200/200,active,100
Puro Crystal Healthy Salt : 1 kg,,Salt/Sugar/Jaggery,135,1 kg,/api/placeholder/200/200,active,100
Himalayan Pink Rock Salt (Sendha Namak) : 1 kg,,Salt/Sugar/Jaggery,110,,/api/placeholder/200/200,active,100
Madhur Pure & Hygienic Sugar : 1 kg,,Salt/Sugar/Jaggery,65,1 kg,/api/placeholder/200/200,active,100
Parry's White Label Sugar : 5 kgs,,Salt/Sugar/Jaggery,300,5 kg,/api/placeholder/200/200,active,100
Organic Tattva Sugar : 1 kg,,Salt/Sugar/Jaggery,160,1 kg,/api/placeholder/200/200,active,100
Parry's White Label Sugar : 1 kg,,Salt/Sugar/Jaggery,60,1 kg,/api/placeholder/200/200,active,100
Madhur Pure & Hygienic Sulphurless Sugar : 5 kgs,,Salt/Sugar/Jaggery,315,5 kg,/api/placeholder/200/200,active,100
Organic Tattva Brown Sugar : 500 gms,,Salt/Sugar/Jaggery,90,500 g,/api/placeholder/200/200,active,100
Parry's Amrit Brown Bura Sugar : 500 gms,,Salt/Sugar/Jaggery,50,500 g,/api/placeholder/200/200,active,100
24 Mantra Organic Sugar : 1 kg,,Salt/Sugar/Jaggery,145,1 kg,/api/placeholder/200/200,active,100
Parry's Pure Refined Sugar : 1 kg,,Salt/Sugar/Jaggery,70,1 kg,/api/placeholder/200/200,active,100
Parry's Gold Brown Sugar : 500 g,,Salt/Sugar/Jaggery,40,500 g,/api/placeholder/200/200,active,100
Pro Nature 100% Organic Brown Sugar : 1 kg,,Salt/Sugar/Jaggery,154,1 kg,/api/placeholder/200/200,active,100
Pro Nature Organic Brown Sugar : 500 g,,Salt/Sugar/Jaggery,78,500 g,/api/placeholder/200/200,active,100
Sugar Free Gold Pellets : 500 Pellets,,Salt/Sugar/Jaggery,310,,/api/placeholder/200/200,active,100
Sugar Free Gold Powder : 100 gms,,Salt/Sugar/Jaggery,159,100 g,/api/placeholder/200/200,active,100
Sugar Free Natura Pellets : 500 Pellets,,Salt/Sugar/Jaggery,310,,/api/placeholder/200/200,active,100
Sugar Free Natura Powder : 100 gms,,Salt/Sugar/Jaggery,159,100 g,/api/placeholder/200/200,active,100
Relish Diet Sugar Powder Jar : 1 kg,,Salt/Sugar/Jaggery,375,1 kg,/api/placeholder/200/200,active,100
Pitambari Ruchiyana Jaggery Powder : 500 g,,Salt/Sugar/Jaggery,85,500 g,/api/placeholder/200/200,active,100
Paawak Jaggery Cubes Jar : 500 gms,,Salt/Sugar/Jaggery,110,500 g,/api/placeholder/200/200,active,100
Parry's Amrit Jaggery Powder : 500 gms,,Salt/Sugar/Jaggery,55,500 g,/api/placeholder/200/200,active,100
Kastoori Jaggery Powder : 1 kg,,Salt/Sugar/Jaggery,125,1 kg,/api/placeholder/200/200,active,100
Organic Tattva Jaggery Powder : 500 gms,,Salt/Sugar/Jaggery,90,500 g,/api/placeholder/200/200,active,100
Patanjali Madhuram Jaggery Powder : 1 kg,,Salt/Sugar/Jaggery,85,1 kg,/api/placeholder/200/200,active,100
Bellam Pakam Chikki Gud : 900 gms,,Masala & Spices,90,900 g,/api/placeholder/200/200,active,100