Title,Category,Subcategory,MRP,DMart Price,Discount,Quantity,Unit Price,Product URL,Is DMart Exclusive
Tru Note Longbook Ruled A4 - 284 Pages : 1 Unit,Books & Stationery,book,130.0,130.0,33.0,,,https://www.dmart.in/product/trunote-longbook-ruled-a4-284pgs-pnotebooks0trun1xx22419?selectedProd=476501,False
Tru Note Longbook Regular - 172 Pages : 1 Unit,Books & Stationery,book,60.0,60.0,15.0,,,https://www.dmart.in/product/trunote-regular-long-book-172-pages?selectedProd=125502,False
Freedom Longbook Regular - 172 Pages : 1 Unit,Books & Stationery,book,60.0,60.0,15.0,,,https://www.dmart.in/product/freedom-longbook-regular-pnotebooks0free39xx20620?selectedProd=678502,False
Doms Single Line A4 Size Notebook - 200 Pages : 1 Unit,Books & Stationery,book,100.0,100.0,15.0,,,https://www.dmart.in/product/doms-single-line-a4-note-book---200-pgs-pnotebooksdom13xx10518?selectedProd=300501,False
Tru Note Longbook A4 - 140 Pages : 1 Unit,Books & Stationery,book,65.0,65.0,17.0,,,https://www.dmart.in/product/trunote-a4-size-long-book-140-pages-1?selectedProd=125501,False
Doms Single Line A5 Note Book - 172 Pages : 1 Unit,Books & Stationery,book,65.0,65.0,10.0,,,https://www.dmart.in/product/doms-sigle-line-a5-pnotebooks0doms21xx14419?selectedProd=476001,False
Doms Single Line A4 Size Notebook - 140 Pages : 1 Unit,Books & Stationery,book,75.0,75.0,12.0,,,https://www.dmart.in/product/doms-single-line-a4-note-book---148-pgs-pnotebooksdom9xx10518?selectedProd=300502,False
Navneet All In One Board Book (English) : 1 Unit,Books & Stationery,book,360.0,360.0,71.0,,,https://www.dmart.in/product/navneet-all-in-one-board-book-(eng)-pdrwaccs0navn13xx60821?selectedProd=842014,False
Doms Single Line Regular Notebook - 172 Pages : 1 Unit,Books & Stationery,book,65.0,65.0,10.0,,,https://www.dmart.in/product/doms-sigle-line-regular-note-book---172-pgs-pnotebooksdom5xx10518?selectedProd=300503,False
Anupam Eminent A5 Notebook (5 Subjects) - 300 Pages : 1 Unit,Books & Stationery,book,250.0,250.0,41.0,,,https://www.dmart.in/product/anupam-eminent-a5-5sub-notebook-pnotebooks0anup5xx30319?selectedProd=464503,False
ITC Classmate A5 Unruled Notebook - 172 Pages : 3 Books,Books & Stationery,book,180.0,180.0,36.0,,48.0,https://www.dmart.in/product/itc-classmate-a5-unruled-notebook---172-pages-pnotebooks0itc19xx221020?selectedProd=785529,False
Archies Spiral Evil-Eye Single Line Notebook (192 Pages) : 1 Unit,Books & Stationery,book,199.0,199.0,50.0,,,https://www.dmart.in/product/archies-spiral-evil-eye-single-line-notebook-(192-pages)-pnotebooks0arch57xx280624?selectedProd=1590089,False
ITC Classmate A5 Notebook - 172 Pages : 3 Books,Books & Stationery,book,180.0,180.0,36.0,,48.0,https://www.dmart.in/product/itc-classmate-a5-notebook-172-pages-pnotebooks0itc13xx221020?selectedProd=785526,False
Archies Spiral Corporate Attitude Single Line Notebook (160 Pages) : 1 Unit,Books & Stationery,book,249.0,249.0,70.0,,,https://www.dmart.in/product/archies-spiral-corporate-attitude-single-line-notebook-(160-pages)-pnotebooks0arch49xx280624?selectedProd=1590085,False
Archies Spiral Corporate Teamwork Single Line Notebook (160 Pages) : 1 Unit,Books & Stationery,book,249.0,249.0,70.0,,,https://www.dmart.in/product/archies-spiral-corporate-teamwork-single-line-notebook-(160-pages)-pnotebooks0arch51xx280624?selectedProd=1590086,False
Anupam My Impression Ruled A5 Notebook - 256 Pages : 1 Unit,Books & Stationery,book,390.0,390.0,191.0,,,https://www.dmart.in/product/my-impression-notebookanupam-pnotebooks0019xx160921?selectedProd=842017,False
Archies Spiral Corporate All Of Us Single Line Notebook (160 Pages) : 1 Unit,Books & Stationery,book,249.0,249.0,70.0,,,https://www.dmart.in/product/archies-spiral-corporate-all-of-us-single-line-notebook-(160-pages)-pnotebooks0arch53xx280624?selectedProd=1590087,False
Craft Play A5 Leather Diary With Wooden Lock (Blue) - 200 Pages : 1 Unit,Uncategorized,,699.0,699.0,350.0,,,https://www.dmart.in/product/craft-play-a5-leather-diary-with-wooden-lock---blue-pnotebooks0craf15xx141222?selectedProd=1174515,False
Craft Play Brave Print A5 Handmade Notebook (144 Pages) : 1 Unit,Books & Stationery,book,650.0,650.0,351.0,,,https://www.dmart.in/product/craft-play-brave-print-a5-handmade-notebook-pnotebooks0craf21xx141021?selectedProd=914539,False
ITC Classmate Longbook Set (3 Pieces) - 172 Pages : 1 Unit,Books & Stationery,book,180.0,180.0,36.0,,48.0,https://www.dmart.in/product/itc-longbook-set-:-3-pieces-pnotebooks0clas3xx20419?selectedProd=469002,False
Craft Play Echo Print A5 Handmade Notebook - 144 Pages : 1 Unit,Books & Stationery,book,650.0,650.0,351.0,,,https://www.dmart.in/product/craft-play-echo-print-a5-handmade-notebook-pnotebooks0craf17xx141021?selectedProd=914537,False
Luxor 5 Subject Note Book A5 Single Ruled - 240 Pages : 14x21.6 cm,Books & Stationery,book,180.0,180.0,31.0,,,https://www.dmart.in/product/luxor-5-subject-note-book-a5-single-ruled-240-pages-pnotebooks0luxo17xx280524?selectedProd=1573097,False
Craft Play A5 Leather Diary With Wooden Lock (Green) - 200 Pages : 1 Unit,Uncategorized,,699.0,699.0,350.0,,,https://www.dmart.in/product/craft-play-a5-leather-diary-with-wooden-lock---green-pnotebooks0craf13xx141222?selectedProd=1174514,False
Craft Play A5 Leather Diary With C Lock (Green) - 200 Pages : 1 Unit,Uncategorized,,699.0,699.0,350.0,,,https://www.dmart.in/product/craft-play-a5-leather-diary-with-c-lock---green-pnotebooks0craf7xx141222?selectedProd=1174511,False
Craft Play A5 Leather Diary With C Lock - Brown : 200 Pages,Uncategorized,,699.0,699.0,350.0,,,https://www.dmart.in/product/craft-play-a5-leather-diary-with-c-lock---brown-pnotebooks0craf5xx141222?selectedProd=1174510,False
Craft Play A5 Leather Diary With C Lock (Blue) - 200 Pages : 1 Unit,Uncategorized,,699.0,699.0,350.0,,,https://www.dmart.in/product/craft-play-a5-leather-diary-with-c-lock---blue-pnotebooks0craf9xx141222?selectedProd=1174512,False
Craft Play A5 Leather Diary With Wooden Lock (Brown) - 200 Pages : 1 Unit,Uncategorized,,699.0,699.0,350.0,,,https://www.dmart.in/product/craft-play-a5-leather-diary-with-wooden-lock---brown-pnotebooks0craf11xx141222?selectedProd=1174513,False
Craft Play A5 Zigzag Leather Diary With C Lock (Green) - 200 Pages : 1 Unit,Uncategorized,,699.0,699.0,350.0,,,https://www.dmart.in/product/craft-play-a5-zigzag-leather-diary-with-c-lock---green-pnotebooks0craf19xx141222?selectedProd=1174517,False
Craft Play A5 Zigzag Leather Diary With C Lock (Brown) - 200 Pages : 1 Unit,Uncategorized,,699.0,699.0,250.0,,,https://www.dmart.in/product/craft-play-a5-zigzag-leather-diary-with-c-lock---brown-pnotebooks0craf17xx141222?selectedProd=1174516,False
Pidilite Fevicol MR White - General Purpose Glue : 100 gms,Uncategorized,,60.0,60.0,6.0,100 g,0.54,https://www.dmart.in/product/pidilite-fevicol-mr-white---general-purpose-glue-padhesives0pidi49xx270120?selectedProd=654502,False
Sapna Brown Tape - 48 mm X 50 Metres : 1 Unit,Uncategorized,,75.0,75.0,20.0,,,https://www.dmart.in/product/sapna-brown-tape---48-x-50-meters-pscholacces0sapn9xx60821?selectedProd=866253,False
Pidilite Fevicol Mr White - General Purpose Glue : 200 gms,Uncategorized,,100.0,100.0,11.0,200 g,0.45,https://www.dmart.in/product/pidilite-fevicol-mr-white---general-purpose-glue-padhesives0pidi7xx280220?selectedProd=673029,False
Pidilite Fevicol Allfix - All Purpose Adhesive : 20 ml,Uncategorized,,50.0,50.0,5.0,20 ml,2.25,https://www.dmart.in/product/pidilite-fevicol-allfix---all-purpose-adhesive-padhesives0pidi47xx270120?selectedProd=659506,False
Sapna Transparent Tape - 24 X 50 Meters : 1 Unit,Uncategorized,,45.0,45.0,20.0,,,https://www.dmart.in/product/sapna-transparent-tape---24-x-50-meters-pscholacces0sapn11xx60821?selectedProd=866254,False
Sapna Transparent Tape - 48 mm X 50 Metres : 1 Unit,Uncategorized,,75.0,75.0,26.0,,,https://www.dmart.in/product/sapna-transparent-tape---24-x-50-meters-pscholacces0sapn11xx60821?selectedProd=866252,False
Pidilite Fevi Kwik - Instant Adhesive : 3 gms,Uncategorized,,30.0,30.0,3.0,3 g,9.0,https://www.dmart.in/product/pidilite-fevikwik---instant-adhesive-padhesives0pidi45xx270120?selectedProd=659505,False
Pidilite M-Seal Fast Curing Epoxy Compound : 90 gms,Uncategorized,,30.0,30.0,1.0,90 g,0.32,https://www.dmart.in/product/pidilite-m-seal-fast-curing-epoxy-compound-padhesives0pidi1xx280220?selectedProd=673027,False
Pidilite Rangeela Paper Glitter - 6 Shades : 30 ml,Uncategorized,,40.0,40.0,1.0,30 ml,,https://www.dmart.in/product/pidilite-rangeela-paper-glitter---6-shades-padhesives0pidi9xx280220?selectedProd=673030,False
Camel Wax Crayons : 24 Shades,Uncategorized,,70.0,70.0,9.0,,,https://www.dmart.in/product/camel-wax-crayons---24-shades-pdrawingaccessories1ucml11xx90518?selectedProd=298501,False
Tru Note Jumbo Colouring Book - 120 Pages : 1 Unit,Books & Stationery,book,150.0,150.0,75.0,,,https://www.dmart.in/product/trunote-jumbo-colouring-book-pdrwaccs0trun7xx14419?selectedProd=468501,False
Jade Drawing Book - (36 Pages) : 1 Unit,Books & Stationery,book,85.0,85.0,18.0,,,https://www.dmart.in/product/jade-drawing-book---36-pages-pdrawingjad51xx10518?selectedProd=301031,False
Faber-Castell Connector Pen : 1 Unit,Uncategorized,,150.0,150.0,41.0,,,https://www.dmart.in/product/faber-castell-connector-pen-25-pcs-pdrwaccs0fabe3xx30319?selectedProd=464502,False
Camlin Drawing Kit Combo : 1 Unit,Uncategorized,,149.0,149.0,18.0,,,https://www.dmart.in/product/camlin-drawing-kit-combo-pdrwaccs0caml11xx30319?selectedProd=464506,False
Navneet Jumbo Colouring Book - 160 Pages : 1 unit,Books & Stationery,book,150.0,150.0,18.0,,,https://www.dmart.in/product/navneet-jumbo-colouring-book-pdrwaccs0navn21xx60821?selectedProd=842023,False
Flair Glitter Xtra Sparkle Gel Pen : 10 Pieces,Uncategorized,,100.0,100.0,25.0,,,https://www.dmart.in/product/flair-glitter-xtra-sparkle-gel-pen-pdrwaccs0flai19xx20620?selectedProd=683008,False
Camel Oil Pastel In Plastic Box : 50 Shades,Uncategorized,,230.0,230.0,28.0,,,https://www.dmart.in/product/camel-oil-pastel-in-plastic-box-pdrwaccs0caml3xx240120?selectedProd=648041,False
Camlin Painting Kit : 1 Unit,Uncategorized,,199.0,199.0,24.0,,,https://www.dmart.in/product/camlin-painting-kit-pdrwaccs0caml1xx30319?selectedProd=464501,False
Camlin Colour Pencil - 12 Shades : 1 Unit,Uncategorized,,60.0,60.0,8.0,,,https://www.dmart.in/product/camil-colour-pencil-pdrwaccs0caml5xx230120?selectedProd=648042,False
Camel Poster Colours - 10 ml (12 Shades) : 1 Unit,Uncategorized,,185.0,185.0,23.0,,,https://www.dmart.in/product/camel-poster-colours---12-shades-pdrawingaccessories12x10mlcml9xx90518?selectedProd=298502,False
Faber-Castell Plastic Erasable Crayons - 14 Pieces : 1 Unit,Uncategorized,,75.0,75.0,9.0,,,https://www.dmart.in/product/faber-castell-plastic-erasable-crayon-tin-12pc-pdrwaccs0fabe9xx30319?selectedProd=464505,False
Pidilite Fevicryl Acrylic Colours Paint Sunflower Kit : 10 Shades,Uncategorized,,250.0,250.0,21.0,,,https://www.dmart.in/product/pidilite-fevicryl-acrylic-colours-paint-sunflower-kit-pdrwaccs0fevi17xx190624?selectedProd=1585625,False
Camel Oil Pastels : 12 Shades,Uncategorized,,40.0,40.0,6.0,,,https://www.dmart.in/product/camel-artica-oil-pastel-pdrwaccs0came3xx90421?selectedProd=843076,False
Pidilite Fevicryl Pastel Acrylic Colours Kit : 6 Shades,Uncategorized,,150.0,150.0,21.0,,,https://www.dmart.in/product/pidilite-fevicryl-pastel-acrylic-colours-kit-pdrwaccs0fevi21xx190624?selectedProd=1585627,False
Pidilite Fevicreate Artastic India Kit : 1 Unit,Uncategorized,,149.0,149.0,20.0,,,https://www.dmart.in/product/pidilite-fevi-create-artastic-india-kits-pdrwaccs0pidi31xx221020?selectedProd=785535,False
Pidilite Fevicryl Acrylic Colours Lilac Kit : 6 Shades,Uncategorized,,100.0,100.0,11.0,,,https://www.dmart.in/product/pidilite-fevicryl-acrylic-colours-lilac-kit-pdrwaccs0fevi19xx190624?selectedProd=1585626,False
Pidilite Fine Art Paint Brushes (Sizes - 0+2+4+6) : Set Of 4,Cleaning Tools,brush,135.0,135.0,16.0,,,https://www.dmart.in/product/pidilite-fine-art-paint-brushes-(sizes-0246)-pdrwaccs0fevi1xx190624?selectedProd=1585617,False
Peacock Modelling Clay : 12x16.5 gms,Uncategorized,,120.0,120.0,31.0,16.5 g,,https://www.dmart.in/product/peacock-modelling-clay-pdrwaccs003xx140422?selectedProd=967094,False
Camlin Sketch Pens - Assorted Shades : 12 Pieces,Uncategorized,,30.0,30.0,4.0,12 Pcs,,https://www.dmart.in/product/camlin-sketch-pens-pdrwaccs0011xx240422?selectedProd=774705,False
Pidilite Fine Art Paint Brushes (Sizes - 0+2+4+6+8+10+12) - Set Of 7 : 1 Unit,Cleaning Tools,brush,370.0,370.0,71.0,,,https://www.dmart.in/product/pidilite-fine-art-paint-brushes-(sizes-024681012)-pdrwaccs0fevi3xx190624?selectedProd=1585618,False
Pidilite Fine Art Canvas Board (10x12 Inches) : 1 Unit,Uncategorized,,100.0,100.0,15.0,,,https://www.dmart.in/product/pidilite-fine-art-canvas-board-(10x12-inches)-pdrwaccs0fevi7xx190624?selectedProd=1585620,False
Pidilite Fine Art Paint Brushes (Sizes - 1+2+4+6+8+10+12) - Set Of 7 : 1 Unit,Cleaning Tools,brush,570.0,570.0,91.0,,,https://www.dmart.in/product/pidilite-fine-art-paint-brushes-(sizes-124681012)-pdrwaccs0fevi5xx190624?selectedProd=1585619,False
Cello ColourUp Celebration Kit - Small : 1 Unit,Uncategorized,,149.0,149.0,18.0,,,https://www.dmart.in/product/cello-colourup-celebration-kit---small-pdrwaccs0cell5xx140422?selectedProd=1042007,False
Pidilite Fine Art Canvas Pad (9x12 Inches) : 1 Unit,Uncategorized,,300.0,300.0,51.0,,,https://www.dmart.in/product/pidilite-fine-art-canvas-pad-(9x12-inches)-pdrwaccs0fevi13xx190624?selectedProd=1585623,False
Pidilite Fine Art Canvas Pad (12x16 Inches) : 1 Unit,Uncategorized,,550.0,550.0,91.0,,,https://www.dmart.in/product/pidilite-fine-art-canvas-pad-(12x16-inches)-pdrwaccs0fevi11xx190624?selectedProd=1585622,False
Pidilite Fine Art Canvas Pad (8x 10 Inches) : 1 Unit,Uncategorized,,250.0,250.0,51.0,,,https://www.dmart.in/product/pidilite-fine-art-canvas-pad-(8x-10-inches)-pdrwaccs0fevi15xx190624?selectedProd=1585624,False
JK Sparkle Easy Copier 70 GSM A4 Paper : 500 Sheets,Uncategorized,,355.0,355.0,80.0,,0.55,https://www.dmart.in/product/jk-sparkle-easy-copier-70-gsm-a4-paper-ppntgpapers0jk-s5xx180923?selectedProd=1359022,False
D Homes Office Scissors - C2607A : 1 Unit,Uncategorized,,55.0,55.0,6.0,,,https://www.dmart.in/product/office-scissor---c2607a-pstationery0093xx300420?selectedProd=708046,False
Camlin Mechanical Pencil Set : 1 Unit,Uncategorized,,59.0,59.0,8.0,,,https://www.dmart.in/product/camlin-mechanical-pencil-set-3pcs?selectedProd=124503,False
Doms X1 X-Tra Super Dark Pencils : 10 Pieces,Uncategorized,,60.0,60.0,8.0,,5.2,https://www.dmart.in/product/doms-x1-x-tra-super-dark-pencils?selectedProd=65680,False
Linc Pentonic Black Gel Pen : 5 Pieces,Uncategorized,,50.0,50.0,5.0,,9.0,https://www.dmart.in/product/linc-pentonic-blue-gel-pen-ppenpencils0linc3xx240221?selectedProd=839002,False
Linc Pentonic Blue Gel Pen : 5 Pieces,Uncategorized,,50.0,50.0,5.0,,9.0,https://www.dmart.in/product/linc-pentonic-blue-gel-pen-ppenpencils0linc3xx240221?selectedProd=839001,False
Cello Finegrip Blue Pen (Jar) : 25 Pieces,Uncategorized,,175.0,175.0,46.0,,5.16,https://www.dmart.in/product/cello-finegrip-ballpoint-pens---25-pcs-ppennpencil1ucelo13xx90518?selectedProd=298006,False
Doms Y1+ Super Dark Triangle Pencil : 10 Pieces,Uncategorized,,50.0,50.0,6.0,,4.4,https://www.dmart.in/product/doms-y1-super-dark-triangle-pencil-ppenpencils0doms11xx20620?selectedProd=676006,False
D Homes Plastic Tape Dispenser - 18 mm x 33 metres : 3 Pieces,Uncategorized,,77.0,77.0,8.0,3 Pcs,,https://www.dmart.in/product/dhomes-plastic-tape-dispenser---18-mm-x-33-metres-pstationery0dhom19xx240223?selectedProd=774678,False
Scotch Double Sided Foam Tape - 1.2 x 3 Metres : 1 Unit,Uncategorized,,120.0,120.0,30.0,,,https://www.dmart.in/product/scotch-double-sided-foam-tape-pscholacces0scot1xx241022?selectedProd=967097,False
Apsara Absolute Pencil : 10 Pieces,Uncategorized,,80.0,80.0,10.0,,7.0,https://www.dmart.in/product/apsara-absolute-pencil---10-pcs-ppennpencil1uapsr1xx90518?selectedProd=298001,False
Doms Neon Rubber Tipped Pencil : 10 Pieces,Uncategorized,,60.0,60.0,8.0,,5.2,https://www.dmart.in/product/doms-neon-rubber-tipped-pencil---10-pcs-ppennpencil1udom17xx90518?selectedProd=298002,False
Steel Kitchen Scissor - Green : 1 Unit,Home Decor,kitchen,155.0,155.0,16.0,,,https://www.dmart.in/product/steel-kitchen-scissor---green-pstationery0021xx240223?selectedProd=595540,False
Executive Folder Full Case Size - 12 Pockets : 1 Unit,Uncategorized,,290.0,290.0,91.0,,,https://www.dmart.in/product/executive-folder-full-case-size---12-pockets-pfilefolder003xx260321?selectedProd=842013,False
Linc Lazor Liner Blue Ball Pens : 25 Pieces,Uncategorized,,150.0,150.0,31.0,,4.76,https://www.dmart.in/product/linc-lazor-liner---25-pcs-ppennpencil1ulinc19xx90518?selectedProd=298007,False
Flair Creative Student Kit : 1 Unit,Uncategorized,,50.0,50.0,5.0,,,https://www.dmart.in/product/flair-creative-student-kit-ppenpencils0flai19xx140223?selectedProd=1049010,False
Apsara Platinum Pencil : 10 Pieces,Uncategorized,,60.0,60.0,8.0,,5.2,https://www.dmart.in/product/apsara-platinum-pencil-10-pcs?selectedProd=125002,False
Cello School Kit : 1 Unit,Uncategorized,,99.0,99.0,12.0,,,https://www.dmart.in/product/cello-school-kit-pstationery0cell3xx20419?selectedProd=468001,False
JK Copier Slims 75 GSM A4 Premium Multipurpose Paper : 100 Sheets,Uncategorized,,150.0,150.0,71.0,,0.79,https://www.dmart.in/product/jk-copier-slims-75-gsm-a4-paper-ppntgpapers0jk-s1xx50423?selectedProd=1285097,False
Luxor Executive Set - Assorted  : 11 Pieces,Uncategorized,,175.0,175.0,56.0,,,https://www.dmart.in/product/luxor-executive-set-assorted-pstationery0luxo15xx280524?selectedProd=1573096,False
Flair Creative Super Kit :1 Unit,Uncategorized,,99.0,99.0,20.0,,,https://www.dmart.in/product/flair-creative-super-kit-pstationery0flai5xx210524?selectedProd=1571023,False
Flair Hauser Xo Ball Pen - Blue : Pack Of 5,Uncategorized,,50.0,50.0,5.0,,9.0,https://www.dmart.in/product/flair-hauser-xo-ball-pen---blue-ppenpencils0haus7xx140223?selectedProd=1049004,False
Flair FC-512 M Calculator - Black : 1 Unit,Uncategorized,,400.0,400.0,181.0,,,https://www.dmart.in/product/flair-fc-512-m-calculator---black-pstationery0flai17xx140223?selectedProd=1049009,False
Flair Glass Gel Pen - Blue :10 Piece,Uncategorized,,100.0,100.0,21.0,,,https://www.dmart.in/product/flair-glass-gel-pen-blue-ppenpencils0flai15xx210524?selectedProd=1571028,False
Apsara Scholar's Kit : 1 Unit,Uncategorized,,99.0,99.0,12.0,,,https://www.dmart.in/product/apsara-scholars-kit-pschoolaccessories1uapsr7xx90518?selectedProd=298005,False
Apsara Non Dust Eraser : 5 Pieces,Uncategorized,,15.0,15.0,2.0,,2.6,https://www.dmart.in/product/apsara-non-dust-eraser-pscholacces0apsa1xx20620?selectedProd=298003,False
Flair Carbonix Ball Pen Jar : Pack Of 25,Uncategorized,,275.0,275.0,76.0,,7.96,https://www.dmart.in/product/flair-carbonix-ball-pen-jar-ppenpencils0flai13xx140223?selectedProd=1049007,False
Flair Creative Art Kit :1 Unit,Uncategorized,,149.0,149.0,30.0,,,https://www.dmart.in/product/flair-creative-art-kit-pstationery0flai7xx210524?selectedProd=1571024,False
Pidilite Fevi Stik Super Glue Stick : 8 gms,Uncategorized,,25.0,25.0,3.0,8 g,2.75,https://www.dmart.in/product/pidilite-fevi-stik-super-glue-stick-padhesives0pidi41xx270120?selectedProd=659502,False
Camlin Scholar Mathematical Instruments : 1 Unit,Clothing,men,140.0,140.0,17.0,,,https://www.dmart.in/product/camlin-math-scholar-box?selectedProd=124504,False
Flair Hauser XO Gel Pen - Blue : 5 Piece,Uncategorized,,50.0,50.0,5.0,,,https://www.dmart.in/product/flair-hauser-xo-gel-pen-blue-ppenpencils0haus13xx210524?selectedProd=1571027,False
Flair Creative Gem Extra Dark Pencil :10 Piece,Uncategorized,,100.0,100.0,21.0,,,https://www.dmart.in/product/flair-creative-gem-extra-dark-pencil-ppenpencils0flai11xx210524?selectedProd=1571026,False
Doms Fusion X-Tra Super Dark Pencil : 10 Pieces,Uncategorized,,70.0,70.0,9.0,,6.1,https://www.dmart.in/product/doms-fusion-x-tra-dark-pencil-ppenpencils0doms5xx20419?selectedProd=469003,False
Flair Creative Art Club Kit Bag :1 Unit,Bags & Accessories,bag,499.0,499.0,100.0,,,https://www.dmart.in/product/flair-creative-art-club-kit-bag-pstationery0flai3xx210524?selectedProd=1571022,False
Flair Ezee-Click Ball Pen - Blue : Pack Of 5,Uncategorized,,35.0,35.0,4.0,,6.2,https://www.dmart.in/product/flair-ezee-click-ball-pen---blue-ppenpencils0flai3xx140223?selectedProd=1049002,False
Navneet Colouring Book - Assorted : 1 Unit,Books & Stationery,book,50.0,50.0,6.0,,,https://www.dmart.in/product/navneet-fun-with-colors-assorted-pdrwaccs0navn49xx250422?selectedProd=866236,False
Apsara Matt Magic 2.0 Extra Dark Pencil: 10 Pieces,Uncategorized,,70.0,70.0,9.0,,6.1,https://www.dmart.in/product/apsara-matt-magic-pencil-ppenpencils0apsa5xx20419?selectedProd=467502,False
Flair Woody Ball Pen - Blue :10 Piece,Uncategorized,,100.0,100.0,21.0,,,https://www.dmart.in/product/flair-woody-ball-pen-blue-ppenpencils0flai17xx210524?selectedProd=1571029,False
Luxor White Board Marker - Black & Blue : Pack of 2,Uncategorized,,55.0,55.0,16.0,,,https://www.dmart.in/product/luxor-white-board-marker-black-blue-ppenpencils0luxo1xx280524?selectedProd=1573089,False
Flair Creative Colouring Kit :1 Unit,Uncategorized,,199.0,199.0,40.0,,,https://www.dmart.in/product/flair-creative-colouring-kit-pstationery0flai9xx210524?selectedProd=1571025,False
Flair Carbonix Ball Pen - Blue : Pack Of 5,Uncategorized,,50.0,50.0,11.0,,7.8,https://www.dmart.in/product/flair-carbonix-ball-pen---blue-ppenpencils0flai9xx140223?selectedProd=1049005,False
Archies Madhubani Gift Wrapping Paper Fish & Sparrow Printed : Pack of 5,Lighting & Electrical,pin,125.0,125.0,36.0,,,https://www.dmart.in/product/archies-madhubani-gift-wrapping-paper-fish-sparrow-printed-pstationery0arch1xx280624?selectedProd=1590061,False
Flair V2 Gel Pens - Assorted :10 Piece,Uncategorized,,200.0,200.0,31.0,,,https://www.dmart.in/product/flair-v2-gel-pens-assorted-ppenpencils0flai1xx210524?selectedProd=1571021,False
Flair Yolo Ball Pen - Blue : Pack Of 5,Uncategorized,,50.0,50.0,11.0,,7.8,https://www.dmart.in/product/flair-yolo-ball-pen---blue-ppenpencils0flai5xx140223?selectedProd=1049003,False
Pidilite WD-40 Multiple Maintenance Spray : 420 ml,Uncategorized,,420.0,420.0,41.0,420 ml,,https://www.dmart.in/product/pidilite-wd-40-multiple-maintenance-spray-pmtlclean0wd-49xx80424?selectedProd=1547545,False
Luxor  Highlighter Pen Blister - Green & Yellow : Pack of 2,Lighting & Electrical,light,50.0,50.0,15.0,,,https://www.dmart.in/product/luxor-highlighter-pen-blister-green-yellow-ppenpencils0luxo5xx280524?selectedProd=1573091,False
Pidilite Rangeela Moulding Dough Kit : 375 gm,Uncategorized,,199.0,199.0,40.0,375 g,,https://www.dmart.in/product/pidilite-rangeela-moulding-dough-kit-pclaytoys0rang5xx80424?selectedProd=1547559,False
Linc Ocean Blue Gel Pen : 5 Pieces,Uncategorized,,50.0,50.0,5.0,,9.0,https://www.dmart.in/product/linc-ocean-blue-gel-pen-ppenpencils0linc9xx20620?selectedProd=65674,False
D Homes Beauty Scissors : 1 Unit,Personal Care & Beauty,beauty,44.0,44.0,5.0,,,https://www.dmart.in/product/dhomes--beuty-scissors-pscholacces0dhom3xx240223?selectedProd=774685,False
Reynolds Trimax Ball Pen - Blue : Pack of 3,Uncategorized,,180.0,180.0,18.0,,,https://www.dmart.in/product/reynolds-trimax-ball-pen-blue-ppenpencils0reyn1xx200524?selectedProd=1556063,False
Nataraj 621 Writing Pencils : 10 Pieces,Uncategorized,,50.0,50.0,6.0,10 Pcs,4.4,https://www.dmart.in/product/nataraj-621-writing-pencils-10-pcs?selectedProd=125001,False
Post-It Cube - 4 Color Sticky Notes,Uncategorized,,175.0,175.0,50.0,,,https://www.dmart.in/product/post-it-cube---4-color-sticky-notes-pscholacces009xx140322?selectedProd=866255,False
Linc Pentonic Blue Ball Pen : 5 Units,Uncategorized,,50.0,50.0,5.0,,9.0,https://www.dmart.in/product/linc-pentonic-ball-pen-ppenpencils0linc13xx20620?selectedProd=676007,False
Pidilite Rangeela Moulding Dough Kit : 200 gm,Uncategorized,,140.0,140.0,25.0,200 g,,https://www.dmart.in/product/pidilite-rangeela-moulding-dough-kit-pclaytoys0rang3xx80424?selectedProd=1547558,False
Parker Beta Neo  Ball Pen - Blue : 1 Unit,Uncategorized,,140.0,140.0,21.0,,,https://www.dmart.in/product/parker-beta-neo-ball-pen-blue-ppenpencils0park7xx280524?selectedProd=1573092,False
Parker Vector Standard  Ball Pen - Blue : 1 Unit,Uncategorized,,320.0,320.0,41.0,,,https://www.dmart.in/product/parker-vector-standard-ball-pen-blue-ppenpencils0park9xx280524?selectedProd=1573093,False
Archies Madhubani Gift Wrapping Paper Flower & Heart Printed : Pack of 5,Lighting & Electrical,pin,125.0,125.0,36.0,,,https://www.dmart.in/product/archies-madhubani-gift-wrapping-paper-flower-heart-printed-pstationery0arch3xx280624?selectedProd=1590062,False
Archies Madhubani Gift Wrapping Paper Aami Design Printed : Pack of 5,Lighting & Electrical,pin,125.0,125.0,36.0,,,https://www.dmart.in/product/archies-madhubani-gift-wrapping-paper-aami-design-printed-pstationery0arch5xx280624?selectedProd=1590063,False
Pidilite Plastic Rangeela Moulding Dough Clay Bucket : 150 gm,Uncategorized,,115.0,115.0,16.0,150 g,,https://www.dmart.in/product/pidilite-plastic-rangeela-moulding-dough-clay-bucket-pclaytoys0rang1xx80424?selectedProd=1547557,False
Flair Tuff Mechanical Pencil 0.7 mm : Pack Of 5,Uncategorized,,50.0,50.0,11.0,,7.8,https://www.dmart.in/product/flair-tuff-mechanical-pencil-07-mm-ppenpencils0flai1xx140223?selectedProd=1049001,False
Reynolds Jetter Classic Ball Pen - Blue : Pack of 3,Uncategorized,,75.0,75.0,6.0,,,https://www.dmart.in/product/reynolds-jetter-classic-ball-pen-blue-ppenpencils0reyn3xx200524?selectedProd=1556064,False
Pidilite Fevikwik Craft Multi Surface Application : 6 gm,Pet Supplies,cat,75.0,75.0,6.0,6 g,,https://www.dmart.in/product/pidilite-fevikwik-craft-multi-surface-application-padhesives0fevi15xx80424?selectedProd=1547563,False
Archies Madhubani Aami Design Printed Paper Gift Bag (Small) : Pack of 3,Bags & Accessories,bag,135.0,135.0,46.0,,,https://www.dmart.in/product/archies-madhubani-aami-design-printed-paper-gift-bag-(small)-ppntgpapers0arch11xx280624?selectedProd=1590066,False
D Homes Mesh and Wire Round Pencil Holder : 1 Unit,Uncategorized,,65.0,65.0,6.0,,,https://www.dmart.in/product/dhomes-mesh-and-wire-round-pencil-holder--pstationery0019xx290823?selectedProd=774688,False
Pidilite Fevi kwik Long Nozzle Precision Pro : 8 gm,Uncategorized,,80.0,80.0,7.0,8 g,,https://www.dmart.in/product/pidilite-fevi-kwik-long-nozzle-precision-pro-padhesives0fevi19xx80424?selectedProd=1547565,False
Archies Madhubani Flower & Heart Design Printed Paper Gift Bag (Small) : Pack of 3,Bags & Accessories,bag,135.0,135.0,46.0,,,https://www.dmart.in/product/archies-madhubani-flower-heart-design-printed-paper-gift-bag-(small)-ppntgpapers0arch17xx280624?selectedProd=1590069,False
Luxor Pilot Hi-Techpoint Blue Pens : 3 Pieces,Uncategorized,,150.0,150.0,15.0,,45.0,https://www.dmart.in/product/luxor-pilot-hi-techpoint-blue-pens-ppenpencils0luxo21xx20620?selectedProd=676013,False
Luxor Pilot Hi-Techpoint Blue Pens : 2 Pieces,Uncategorized,,140.0,140.0,32.0,,54.0,https://www.dmart.in/product/luxor-pilot-hi-techpoint-blue-pens-ppenpencils0luxo21xx20620?selectedProd=298008,False
Reynolds Racer Sporty Gel Pen - Blue : Pack Of 5,Uncategorized,,75.0,75.0,6.0,,,https://www.dmart.in/product/reynolds-racer-sporty-gel-pen-blue-ppenpencils0reyn5xx200524?selectedProd=1556065,False
Plastic Stationery Cutter - Assorted : 1 Unit,Books & Stationery,stationery,40.0,40.0,5.0,,,https://www.dmart.in/product/plastic-stationery-cutter---assorted-pstationery007xx240223?selectedProd=866264,False
Archies Madhubani Aami Design Printed Paper Gift Bag (Large) : Pack of 3,Bags & Accessories,bag,225.0,225.0,76.0,,,https://www.dmart.in/product/archies-madhubani-aami-design-printed-paper-gift-bag-(large)-ppntgpapers0arch15xx280624?selectedProd=1590068,False
Camlin Exam Clip Board : 1 Unit,Uncategorized,,125.0,125.0,15.0,,,https://www.dmart.in/product/camlin-exam-clip-board-pscholacces0caml1xx260321?selectedProd=842016,False
Archies Madhubani Aami Design Printed Paper Gift Bag (Medium) : Pack of 3,Bags & Accessories,bag,165.0,165.0,46.0,,,https://www.dmart.in/product/archies-madhubani-aami-design-printed-paper-gift-bag-(medium)-ppntgpapers0arch13xx280624?selectedProd=1590067,False
Archies Madhubani Fish & Sparrow Design Printed Paper Gift Bag (Small) : Pack of 3,Pet Supplies,fish,135.0,135.0,46.0,,,https://www.dmart.in/product/archies-madhubani-fish-sparrow-design-printed-paper-gift-bag-(small)-ppntgpapers0arch35xx280624?selectedProd=1590078,False
Linc Glycer Blue Ball Pen : 5 Pieces,Uncategorized,,50.0,50.0,5.0,,9.0,https://www.dmart.in/product/linc-glycer-blue-ball-pen-5-pcs?selectedProd=65675,False
Luxor Pro-E Permanent Marker Blister - Black & Blue : Pack of 2,Uncategorized,,40.0,40.0,11.0,,,https://www.dmart.in/product/luxor-pro-e-permanent-marker-blister-black-blue-ppenpencils0luxo3xx280524?selectedProd=1573090,False
Cello Gripper Blue Ballpoint Pen : 5 Pieces,Uncategorized,,50.0,50.0,5.0,,9.0,https://www.dmart.in/product/cello-gripper-blue-ball-pen-5-pcs?selectedProd=65676,False
Archies Madhubani Gift Wrapping Paper Cub Printed : Pack of 5,Lighting & Electrical,pin,125.0,125.0,36.0,,,https://www.dmart.in/product/archies-madhubani-gift-wrapping-paper-cub-printed-pstationery0arch9xx280624?selectedProd=1590065,False
LX Schneider Max Ball Pen - Blue : Pack of 2,Uncategorized,,120.0,120.0,31.0,,,https://www.dmart.in/product/lx-schneider-max-ball-pen-blue-ppenpencils0lx-s13xx280524?selectedProd=1573095,False
Reynolds Dominar Blister Blue Ball Pen : Pack of 5,Uncategorized,,75.0,75.0,25.0,,10.0,https://www.dmart.in/product/reynolds-dominar-blister-blue-ball-pen-ppenpencils9xx20824?selectedProd=1607108,False
Anupam Eminent B5 Notebook (5 Subjects) - 300 Pages : 1 Unit,Books & Stationery,book,330.0,330.0,50.0,,,https://www.dmart.in/product/anupam-eminent-b5-notebook-(5-subjects)-pnotebooks0anup7xx20419?selectedProd=467503,False
Archies Madhubani Flower & Heart Design Printed Paper Gift Bag (Large) : Pack of 3,Bags & Accessories,bag,225.0,225.0,76.0,,,https://www.dmart.in/product/archies-madhubani-flower-heart-design-printed-paper-gift-bag-(large)-ppntgpapers0arch21xx280624?selectedProd=1590071,False
Archies Madhubani Cub Design Printed Paper Gift Bag (Small) : Pack of 3,Bags & Accessories,bag,135.0,135.0,46.0,,,https://www.dmart.in/product/archies-madhubani-cub-design-printed-paper-gift-bag-(small)-ppntgpapers0arch29xx280624?selectedProd=1590075,False
Archies Madhubani Fish & Sparrow Design Printed Paper Gift Bag (Large) : Pack of 3,Pet Supplies,fish,225.0,225.0,76.0,,,https://www.dmart.in/product/archies-madhubani-fish-sparrow-design-printed-paper-gift-bag-(large)-ppntgpapers0arch39xx280624?selectedProd=1590080,False
Archies Madhubani Fish & Sparrow Design Printed Paper Gift Bag (Medium) : Pack of 3,Pet Supplies,fish,165.0,165.0,46.0,,,https://www.dmart.in/product/archies-madhubani-fish-sparrow-design-printed-paper-gift-bag-(medium)-ppntgpapers0arch37xx280624?selectedProd=1590079,False
Archies Happy Birthday With Cake Design Printed Paper Gift Bag (Small) : Pack of 3,Bags & Accessories,bag,135.0,135.0,46.0,,,https://www.dmart.in/product/archies-happy-birthday-with-cake-design-printed-paper-gift-bag-(small)-ppntgpapers0arch41xx280624?selectedProd=1590081,False
Magnifying Glass : 1 Unit,Uncategorized,,66.0,66.0,7.0,,,https://www.dmart.in/product/magnifying-glass-pstationery009xx240223?selectedProd=899095,False
Archies Madhubani Duck Design Printed Paper Gift Bag (Medium) : Pack of 3,Bags & Accessories,bag,165.0,165.0,46.0,,,https://www.dmart.in/product/archies-madhubani-duck-design-printed-paper-gift-bag-(medium)-ppntgpapers0arch25xx280624?selectedProd=1590073,False
Archies Happy Birthday Design Printed Paper Gift Bag (Small) : Pack of 3,Bags & Accessories,bag,135.0,135.0,46.0,,,https://www.dmart.in/product/archies-happy-birthday-design-printed-paper-gift-bag-(small)-ppntgpapers0arch43xx280624?selectedProd=1590082,False
Reynolds Rollerpoint R7 Blister Blue Ball Pen : 1 Unit,Uncategorized,,70.0,70.0,20.0,,,https://www.dmart.in/product/reynolds-rollerpoint-r7-blister-blue-ball-pen-ppenpencils11xx20824?selectedProd=1607110,False
Reynolds Trimax Gold Blister Blue Ball Pen : 1 Unit,Uncategorized,,99.0,99.0,10.0,,,https://www.dmart.in/product/reynolds-trimax-gold-blister-blue-ball-pen-ppenpencils13xx20824?selectedProd=1607112,False
Parker Jotter  Standard Ball Pen - Blue : 1 Unit,Uncategorized,,300.0,300.0,51.0,,,https://www.dmart.in/product/parker-jotter-standard-ball-pen-blue-ppenpencils0park11xx280524?selectedProd=1573094,False
Reynolds Rollerpoint R5 Blister Blue Ball Pen : 1 Unit,Uncategorized,,70.0,70.0,20.0,,,https://www.dmart.in/product/reynolds-rollerpoint-r5-blister-blue-ball-pen-ppenpencils10xx20824?selectedProd=1607109,False
Cello Finegrip Blue Ball Pen : 5 Pieces,Uncategorized,,35.0,35.0,4.0,,6.2,https://www.dmart.in/product/cello-fine-grip-blue-ball-pen-5-pcs?selectedProd=65678,False
Archies Madhubani Gift Wrapping Paper Duck Printed : Pack of 5,Lighting & Electrical,pin,125.0,125.0,36.0,,,https://www.dmart.in/product/archies-madhubani-gift-wrapping-paper-duck-printed-pstationery0arch7xx280624?selectedProd=1590064,False
JK Sparkle 70 GSM A4 Paper : 500 Sheets,Uncategorized,,350.0,350.0,75.0,,0.55,https://www.dmart.in/product/-jk-sparkle-70-gsm-a4-paper-ppntgpapers0jk-s1xx80223?selectedProd=1248503,False
Archies Happy Birthday To You Design Printed Paper Gift Bag (Small) : Pack of 3,Bags & Accessories,bag,135.0,135.0,46.0,,,https://www.dmart.in/product/archies-happy-birthday-to-you-design-printed-paper-gift-bag-(small)-ppntgpapers0arch45xx280624?selectedProd=1590083,False
Paras Stainless Steel Flexi 2 Layer Lunch Box (Assorted) : 1 Unit,Lighting & Electrical,flex,399.0,399.0,300.0,,,https://www.dmart.in/product/flexi-2-layer-steel-lunch-box-plunchbox0035xx300420?selectedProd=708016,False
Joyo MaxSafe Stainless Steel Square Food Container : 400 ml,Uncategorized,,759.0,759.0,381.0,400 ml,,https://www.dmart.in/product/joyo-maxsafe-stainless-steel-square-food-container-plunchbox0joyo5xx140823?selectedProd=1368506,False
Plastic Metka Lunch Box (Assorted) : 1 Unit,Uncategorized,,270.0,270.0,51.0,,,https://www.dmart.in/product/plastic-metka-lunch-box-plunchbox003xx160623?selectedProd=865614,False
Joyo MaxSafe Stainless Steel round Food Container : 360 ml,Uncategorized,,649.0,649.0,326.0,360 ml,,https://www.dmart.in/product/joyo-maxsafe-stainless-steel-square-food-container-plunchbox0joyo9xx140823?selectedProd=1368508,False
All Time Plastic Salad Lunch Box With Dip Container : 1 Unit,Uncategorized,,270.0,270.0,121.0,,,https://www.dmart.in/product/all-time-plastic-salad-lunch-box-with-dip-container-plunchbox0all13xx120224?selectedProd=1076007,False
Signoraware Stainless Steel Best Lunch Box - Blue : 4 Containers,Uncategorized,,969.0,969.0,70.0,,,https://www.dmart.in/product/signoraware-stainless-steel-best-lunch-box---blue-plunchbox0sign21xx091020?selectedProd=783516,False
Signoraware Compact Lunch Box - Blue : 3 Containers,Uncategorized,,250.0,250.0,51.0,,,https://www.dmart.in/product/signoraware-compact-lunch-box---blue-plunchbox0sign11xx091020?selectedProd=783511,False
SignoraWare Stainless Steel Midday Maxx Lunch Box - Blue : 2 Containers,Uncategorized,,525.0,525.0,56.0,,,https://www.dmart.in/product/signoraware-stainless-steel-max-lunch-box---blue-plunchbox0sign19xx091020?selectedProd=783515,False
Varmora Stainless Steel Mini Xclusive Lunch Box - Blue : 4 Container,Uncategorized,,1059.0,1059.0,260.0,,,https://www.dmart.in/product/varmora-stainless-steel-mini-xclusive-lunch-box-blue-plunchbox0varm15xx90424?selectedProd=1475017,False
Varmora Stainless Steel Mini Xclusive Lunch Box - Raspberry Pink : 4 Container,Lighting & Electrical,pin,1059.0,1059.0,260.0,,,https://www.dmart.in/product/varmora-stainless-steel-mini-xclusive-lunch-box-raspberry-pink-plunchbox0varm17xx90424?selectedProd=1475018,False
Signoraware Executive Small Lunch Box With Bag (Assorted) : 1 Unit,Bags & Accessories,bag,395.0,395.0,98.0,,,https://www.dmart.in/product/signoraware-executive-small-lunch-box-with-bag-plunchbox0sign9xx160320?selectedProd=680002,False
All Time Plastic Food Gear 9302 Lunch BoxÂ  : 3 Pieces,Uncategorized,,755.0,755.0,256.0,3 Pcs,166.33,https://www.dmart.in/product/all-time-plastic-food-gear-9302-lunch-box-plunchbox0all11xx120224?selectedProd=1076006,False
Varmora Fresh Bite Lunch Box - Pista Green : 2 Container,Uncategorized,,219.0,219.0,60.0,,,https://www.dmart.in/product/varmora-fresh-bite-lunch-box-pista-green-plunchbox0varm21xx90424?selectedProd=1475020,False
Varmora Stainless Steel Classic Lunch Box - Cyan Blue : 4 Container,Uncategorized,,1439.0,1439.0,340.0,,,https://www.dmart.in/product/varmora-stainless-steel-classic-lunch-box-cyan-blue-plunchbox0varm19xx90424?selectedProd=1475019,False
Signoraware Best Lunch Box With Bag (Assorted) : 1 Unit,Bags & Accessories,bag,590.0,590.0,59.0,,,https://www.dmart.in/product/signoraware-best-lunch-box-with-bag-plunchbox0sign11xx160320?selectedProd=680003,False
Plastic Lunch Box (8520) : Assorted - 1 Unit,Uncategorized,,220.0,220.0,41.0,,,https://www.dmart.in/product/-prt-pl-lunch-box-8520-[asl]-plunchbox0ghas59xx081019?selectedProd=596009,False
Signoraware Compact Lunch Box with Bag - Assorted,Bags & Accessories,bag,425.0,425.0,110.0,,,https://www.dmart.in/product/signoraware-compact-lunch-box-with-bag-plunchbox0sign13xx160320?selectedProd=680004,False
D Homes Scissor Set (Jinda) : 2 Pieces,Uncategorized,,110.0,110.0,11.0,2 Pcs,,https://www.dmart.in/product/dhomes-scissor-set-(jinda)-pstationery0017xx310821?selectedProd=774515,False
Wildcraft Power Laptop Backpack - Black : 1 Unit,Bags & Accessories,backpack,2998.0,2998.0,1799.0,,,https://www.dmart.in/product/wildcraft-power-laptop-backpack:black-plaptopbags0wild5xx190621?selectedProd=876001,False
D Homes Scissor Set (Xinyi) : 3 Pieces,Uncategorized,,170.0,170.0,21.0,3 Pcs,49.67,https://www.dmart.in/product/dhomes-scissor-set-(xinyi)-pstationery0021xx310821?selectedProd=807078,False
